5.23%;5.23%;5.23%;5.23%;5.23%;5.23%;5.23%;5.23%;5.23%;5.23%;5.23%;5.23%;5.23%;5.23%;5.23%;5.23%;5.23%;5.23%;5.23%;5.23%;5.23%;5.24%;5.24%;5.24%;5.23%;5.23%;5.23%;5.23%;5.23%;5.23%;5.23%;5.23%;5.23%;5.23%;5.23%;5.23%;5.23%;5.23%;5.24%;5.24%;5.24%;5.24%;5.24%;5.24%;5.24%;5.24%;5.24%;5.24%;5.24%;5.24%;5.23%;5.21%;5.23%;5.23%;5.23%;5.23%;5.23%;5.23%;5.23%;5.23%;5.24%;5.23%;5.23%;5.24%;5.24%;5.24%;5.24%;5.24%;5.24%;5.24%;5.25%;5.25%;5.25%;5.25%;5.25%;5.25%;5.25%;5.25%;5.25%;5.25%;5.25%;5.25%;5.25%;5.25%;5.25%;5.25%;5.25%;5.25%;5.25%;5.25%;5.25%;5.24%;5.24%;5.24%;5.24%;5.24%;5.24%;5.24%;5.24%;5.24%;5.25%;5.25%;5.25%;5.25%;5.25%;5.25%;5.25%;5.25%;5.25%;5.25%;5.25%;5.25%;5.25%;5.25%;5.24%;5.22%;5.22%;5.23%;5.23%;5.23%;5.23%;5.23%;5.23%;5.24%;5.24%;5.24%;5.23%;5.23%;5.23%;5.23%;5.23%;5.23%;5.23%;5.23%;5.23%;5.23%;5.24%;5.24%;5.24%;5.24%;5.24%;5.24%;5.24%;5.24%;5.24%;5.24%;5.24%;5.25%;5.25%;5.25%;5.25%;5.25%;5.25%;5.25%;5.25%;5.25%;5.25%;5.24%;5.24%;5.24%;5.24%;5.25%;5.25%;5.25%;5.25%;5.25%;5.25%;5.25%;5.25%;5.25%;5.25%;5.25%;5.25%;5.26%;5.26%;5.26%;5.26%;5.26%;5.24%;5.21%;5.22%;5.22%;5.22%;5.22%;5.23%;5.23%;5.23%;5.23%;5.23%;5.23%;5.23%;5.23%;5.23%;5.23%;5.23%;5.23%;5.23%;5.23%;5.23%;5.23%;5.23%;5.24%;5.24%;5.24%;5.24%;5.24%;5.24%;5.24%;5.25%;5.24%;5.24%;5.24%;5.25%;5.25%;5.25%;5.25%;5.25%;5.25%;5.25%;5.25%;5.25%;5.26%;5.26%;5.26%;5.26%;5.26%;5.26%;5.26%;5.26%;5.26%;5.26%;5.26%;5.26%;5.26%;5.26%;5.26%;5.26%;5.26%;5.26%;5.26%;5.22%;5.24%;5.24%;5.24%;5.24%;5.25%;5.25%;5.26%;5.26%;5.26%;5.26%
5.23%;5.23%;5.23%;5.23%;5.23%;5.23%;5.23%;5.23%;5.23%;5.23%;5.23%;5.23%;5.23%;5.23%;5.23%;5.23%;5.23%;5.23%;5.23%;5.23%;5.23%;5.24%;5.24%;5.24%;5.23%;5.23%;5.23%;5.23%;5.23%;5.23%;5.23%;5.23%;5.23%;5.23%;5.23%;5.23%;5.23%;5.23%;5.24%;5.24%;5.24%;5.24%;5.24%;5.24%;5.24%;5.24%;5.24%;5.24%;5.24%;5.24%;5.23%;5.21%;5.23%;5.23%;5.23%;5.23%;5.23%;5.23%;5.23%;5.23%;5.24%;5.23%;5.23%;5.24%;5.24%;5.24%;5.24%;5.24%;5.24%;5.24%;5.25%;5.25%;5.25%;5.25%;5.25%;5.25%;5.25%;5.25%;5.25%;5.25%;5.25%;5.25%;5.25%;5.25%;5.25%;5.25%;5.25%;5.25%;5.25%;5.25%;5.25%;5.24%;5.24%;5.24%;5.24%;5.24%;5.24%;5.24%;5.24%;5.24%;5.25%;5.25%;5.25%;5.25%;5.25%;5.25%;5.25%;5.25%;5.25%;5.25%;5.25%;5.25%;5.25%;5.25%;5.24%;5.22%;5.22%;5.23%;5.23%;5.23%;5.23%;5.23%;5.23%;5.24%;5.24%;5.24%;5.23%;5.23%;5.23%;5.23%;5.23%;5.23%;5.23%;5.23%;5.23%;5.23%;5.24%;5.24%;5.24%;5.24%;5.24%;5.24%;5.24%;5.24%;5.24%;5.24%;5.24%;5.25%;5.25%;5.25%;5.25%;5.25%;5.25%;5.25%;5.25%;5.25%;5.25%;5.24%;5.24%;5.24%;5.24%;5.25%;5.25%;5.25%;5.25%;5.25%;5.25%;5.25%;5.25%;5.25%;5.25%;5.25%;5.25%;5.26%;5.26%;5.26%;5.26%;5.26%;5.24%;5.21%;5.22%;5.22%;5.22%;5.22%;5.23%;5.23%;5.23%;5.23%;5.23%;5.23%;5.23%;5.23%;5.23%;5.23%;5.23%;5.23%;5.23%;5.23%;5.23%;5.23%;5.23%;5.24%;5.24%;5.24%;5.24%;5.24%;5.24%;5.24%;5.25%;5.24%;5.24%;5.24%;5.25%;5.25%;5.25%;5.25%;5.25%;5.25%;5.25%;5.25%;5.25%;5.26%;5.26%;5.26%;5.26%;5.26%;5.26%;5.26%;5.26%;5.26%;5.26%;5.26%;5.26%;5.26%;5.26%;5.26%;5.26%;5.26%;5.26%;5.26%;5.22%;5.24%;5.24%;5.24%;5.24%;5.25%;5.25%;5.26%;5.26%;5.26%;5.26%
5.49%;5.49%;5.49%;5.49%;5.49%;5.49%;5.49%;5.49%;5.49%;5.49%;5.49%;5.49%;5.49%;5.49%;5.49%;5.49%;5.49%;5.49%;5.49%;5.49%;5.49%;5.49%;5.49%;5.49%;5.49%;5.49%;5.49%;5.49%;5.49%;5.49%;5.49%;5.49%;5.49%;5.49%;5.49%;5.49%;5.49%;5.49%;5.49%;5.49%;5.49%;5.49%;5.49%;5.49%;5.49%;5.49%;5.49%;5.49%;5.49%;5.49%;5.49%;5.49%;5.49%;5.49%;5.49%;5.49%;5.49%;5.49%;5.49%;5.49%;5.49%;5.49%;5.49%;5.49%;5.49%;5.49%;5.49%;5.49%;5.49%;5.49%;5.49%;5.49%;5.49%;5.49%;5.49%;5.49%;5.49%;5.49%;5.48%;5.48%;5.48%;5.48%;5.48%;5.48%;5.48%;5.48%;5.48%;5.48%;5.48%;5.48%;5.48%;5.48%;5.48%;5.48%;5.48%;5.48%;5.49%;5.49%;5.49%;5.49%;5.49%;5.48%;5.49%;5.49%;5.48%;5.48%;5.48%;5.48%;5.47%;5.47%;5.47%;5.47%;5.47%;5.47%;5.47%;5.47%;5.45%;5.45%;5.44%;5.44%;5.44%;5.44%;5.44%;5.44%;5.44%;5.44%;5.44%;5.44%;5.44%;5.44%;5.44%;5.44%;5.44%;5.44%;5.44%;5.44%;5.44%;5.44%;5.44%;5.44%;5.44%;5.43%;5.43%;5.43%;5.43%;5.43%;5.43%;5.42%;5.42%;5.41%;5.41%;5.41%;5.41%;5.41%;5.41%;5.41%;5.41%;5.40%;5.40%;5.40%;5.40%;5.39%;5.39%;5.39%;5.39%;5.38%;5.38%;5.38%;5.38%;5.42%;5.42%;5.43%;5.44%;5.44%;5.44%;5.44%;5.44%;5.45%;5.45%;5.46%;5.46%;5.46%;5.46%;5.46%;5.46%;5.46%;5.46%;5.46%;5.46%;5.46%;5.46%;5.46%;5.46%;5.46%;5.46%;5.46%;5.46%;5.46%;5.46%;5.46%;5.47%;5.48%;5.48%;5.48%;5.47%;5.47%;5.48%;5.48%;5.48%;5.48%;5.48%;5.48%;5.48%;5.48%;5.48%;5.48%;5.48%;5.48%;5.48%;5.47%;5.47%;5.47%;5.47%;5.47%;5.47%;5.47%;5.47%;5.47%;5.47%;5.47%;5.47%;5.47%;5.47%;5.47%;5.47%;5.47%;5.47%;5.47%;5.47%;5.47%;5.47%;5.47%;5.47%;5.47%;5.47%;5.47%;5.47%;5.47%;5.47%;5.47%;5.47%
5.54%;5.54%;5.54%;5.54%;5.54%;5.54%;5.54%;5.54%;5.54%;5.54%;5.54%;5.54%;5.54%;5.54%;5.54%;5.54%;5.54%;5.54%;5.54%;5.54%;5.54%;5.54%;5.54%;5.54%;5.54%;5.54%;5.54%;5.54%;5.54%;5.54%;5.54%;5.54%;5.54%;5.54%;5.54%;5.54%;5.54%;5.54%;5.54%;5.54%;5.54%;5.54%;5.54%;5.54%;5.54%;5.54%;5.54%;5.54%;5.54%;5.54%;5.54%;5.54%;5.54%;5.54%;5.54%;5.54%;5.54%;5.54%;5.54%;5.54%;5.54%;5.54%;5.54%;5.54%;5.54%;5.54%;5.54%;5.54%;5.54%;5.54%;5.54%;5.54%;5.54%;5.54%;5.54%;5.54%;5.54%;5.54%;5.54%;5.54%;5.54%;5.54%;5.54%;5.55%;5.55%;5.56%;5.56%;5.56%;5.56%;5.56%;5.56%;5.55%;5.56%;5.56%;5.56%;5.55%;5.54%;5.54%;5.54%;5.54%;5.54%;5.54%;5.54%;5.54%;5.54%;5.54%;5.54%;5.54%;5.54%;5.54%;5.54%;5.54%;5.54%;5.54%;5.54%;5.54%;5.54%;5.54%;5.54%;5.54%;5.54%;5.54%;5.54%;5.54%;5.54%;5.54%;5.54%;5.54%;5.54%;5.54%;5.54%;5.54%;5.54%;5.54%;5.54%;5.54%;5.54%;5.54%;5.54%;5.54%;5.54%;5.54%;5.54%;5.54%;5.54%;5.54%;5.54%;5.54%;5.54%;5.54%;5.54%;5.54%;5.54%;5.54%;5.54%;5.54%;5.54%;5.54%;5.54%;5.54%;5.54%;5.54%;5.54%;5.54%;5.54%;5.54%;5.54%;5.54%;5.54%;5.54%;5.54%;5.54%;5.54%;5.54%;5.54%;5.54%;5.54%;5.54%;5.54%;5.54%;5.54%;5.55%;5.55%;5.55%;5.55%;5.55%;5.55%;5.56%;5.56%;5.56%;5.56%;5.56%;5.56%;5.56%;5.56%;5.56%;5.56%;5.56%;5.56%;5.56%;5.56%;5.56%;5.56%;5.56%;5.56%;5.56%;5.56%;5.56%;5.56%;5.56%;5.56%;5.56%;5.56%;5.56%;5.56%;5.56%;5.56%;5.56%;5.56%;5.56%;5.56%;5.56%;5.56%;5.56%;5.56%;5.56%;5.56%;5.56%;5.56%;5.56%;5.56%;5.56%;5.56%;5.56%;5.56%;5.56%;5.56%;5.56%;5.56%;5.56%;5.56%;5.56%;5.56%;5.56%;5.56%;5.56%;5.56%;5.56%;5.56%;5.56%;5.56%
5.55%;5.54%;5.55%;5.55%;5.55%;5.55%;5.55%;5.55%;5.55%;5.55%;5.56%;5.55%;5.55%;5.54%;5.54%;5.55%;5.55%;5.54%;5.54%;5.55%;5.54%;5.54%;5.53%;5.52%;5.53%;5.53%;5.54%;5.55%;5.53%;5.56%;5.54%;5.55%;5.54%;5.55%;5.54%;5.55%;5.54%;5.54%;5.54%;5.54%;5.54%;5.54%;5.54%;5.54%;5.54%;5.54%;5.54%;5.55%;5.54%;5.54%;5.54%;5.54%;5.55%;5.54%;5.59%;5.56%;5.56%;5.57%;5.56%;5.56%;5.57%;5.56%;5.56%;5.55%;5.54%;5.55%;5.56%;5.55%;5.54%;5.54%;5.53%;5.54%;5.54%;5.54%;5.53%;5.53%;5.53%;5.52%;5.53%;5.53%;5.53%;5.53%;5.53%;5.54%;5.55%;5.55%;5.55%;5.55%;5.54%;5.54%;5.54%;5.54%;5.53%;5.53%;5.52%;5.50%;5.50%;5.44%;5.44%;5.47%;5.48%;5.47%;5.47%;5.48%;5.43%;5.43%;5.43%;5.41%;5.42%;5.42%;5.43%;5.44%;5.43%;5.43%;5.43%;5.44%;5.44%;5.43%;5.43%;5.49%;5.49%;5.49%;5.48%;5.48%;5.47%;5.48%;5.48%;5.47%;5.47%;5.47%;5.48%;5.48%;5.38%;5.39%;5.40%;5.41%;5.44%;5.44%;5.46%;5.46%;5.45%;5.45%;5.45%;5.45%;5.44%;5.43%;5.43%;5.44%;5.42%;5.35%;5.35%;5.36%;5.35%;5.38%;5.49%;5.50%;5.50%;5.50%;5.50%;5.50%;5.50%;5.50%;5.50%;5.50%;5.49%;5.50%;5.50%;5.49%;5.49%;5.47%;5.48%;5.49%;5.50%;5.51%;5.52%;5.52%;5.52%;5.52%;5.53%;5.52%;5.52%;5.53%;5.53%;5.54%;5.54%;5.53%;5.54%;5.54%;5.54%;5.56%;5.54%;5.54%;5.54%;5.54%;5.54%;5.54%;5.54%;5.54%;5.54%;5.55%;5.54%;5.55%;5.54%;5.55%;5.55%;5.54%;5.54%;5.54%;5.54%;5.54%;5.54%;5.55%;5.56%;5.55%;5.55%;5.55%;5.55%;5.54%;5.54%;5.55%;5.55%;5.55%;5.55%;5.55%;5.55%;5.55%;5.55%;5.55%;5.55%;5.56%;5.55%;5.55%;5.55%;5.56%;5.55%;5.55%;5.55%;5.55%;5.55%;5.55%;5.55%;5.55%;5.55%;5.57%;5.55%;5.55%;5.55%;5.56%;5.56%;5.55%;5.55%
5.57%;5.57%;5.57%;5.57%;5.57%;5.56%;5.57%;5.57%;5.57%;5.56%;5.57%;5.57%;5.57%;5.56%;5.56%;5.56%;5.55%;5.54%;5.55%;5.56%;5.55%;5.55%;5.55%;5.55%;5.54%;5.55%;5.55%;5.56%;5.55%;5.58%;5.56%;5.56%;5.55%;5.58%;5.57%;5.56%;5.57%;5.57%;5.57%;5.58%;5.58%;5.57%;5.58%;5.57%;5.57%;5.57%;5.58%;5.58%;5.59%;5.59%;5.59%;5.59%;5.59%;5.59%;5.60%;5.58%;5.58%;5.58%;5.58%;5.59%;5.58%;5.58%;5.58%;5.58%;5.56%;5.56%;5.57%;5.56%;5.57%;5.56%;5.55%;5.56%;5.56%;5.56%;5.56%;5.55%;5.55%;5.54%;5.56%;5.54%;5.55%;5.55%;5.55%;5.56%;5.56%;5.56%;5.56%;5.56%;5.55%;5.55%;5.55%;5.55%;5.55%;5.54%;5.53%;5.49%;5.50%;5.45%;5.46%;5.48%;5.49%;5.48%;5.47%;5.47%;5.44%;5.44%;5.45%;5.42%;5.43%;5.40%;5.43%;5.44%;5.43%;5.44%;5.43%;5.43%;5.42%;5.42%;5.40%;5.41%;5.45%;5.41%;5.37%;5.36%;5.38%;5.40%;5.41%;5.41%;5.39%;5.39%;5.41%;5.42%;5.42%;5.42%;5.43%;5.43%;5.46%;5.46%;5.47%;5.47%;5.47%;5.48%;5.47%;5.46%;5.46%;5.45%;5.46%;5.45%;5.45%;5.39%;5.38%;5.41%;5.39%;5.41%;5.49%;5.49%;5.49%;5.51%;5.52%;5.52%;5.49%;5.49%;5.51%;5.52%;5.49%;5.50%;5.52%;5.51%;5.49%;5.49%;5.48%;5.48%;5.48%;5.50%;5.49%;5.50%;5.51%;5.52%;5.54%;5.53%;5.53%;5.54%;5.53%;5.53%;5.53%;5.53%;5.53%;5.54%;5.55%;5.57%;5.56%;5.55%;5.56%;5.56%;5.56%;5.55%;5.56%;5.56%;5.56%;5.55%;5.55%;5.56%;5.55%;5.56%;5.57%;5.56%;5.56%;5.56%;5.56%;5.56%;5.55%;5.55%;5.57%;5.55%;5.57%;5.56%;5.56%;5.56%;5.56%;5.57%;5.57%;5.56%;5.56%;5.56%;5.57%;5.57%;5.56%;5.57%;5.57%;5.57%;5.57%;5.57%;5.57%;5.57%;5.57%;5.57%;5.57%;5.57%;5.57%;5.57%;5.58%;5.58%;5.57%;5.58%;5.56%;5.56%;5.58%;5.59%;5.59%;5.58%;5.58%
5.59%;5.59%;5.58%;5.58%;5.58%;5.58%;5.58%;5.58%;5.58%;5.57%;5.57%;5.58%;5.58%;5.57%;5.56%;5.57%;5.56%;5.56%;5.57%;5.58%;5.57%;5.57%;5.57%;5.56%;5.56%;5.57%;5.58%;5.59%;5.62%;5.63%;5.60%;5.58%;5.59%;5.58%;5.58%;5.59%;5.58%;5.58%;5.58%;5.59%;5.59%;5.59%;5.59%;5.58%;5.58%;5.59%;5.59%;5.59%;5.60%;5.61%;5.61%;5.62%;5.61%;5.61%;5.61%;5.63%;5.63%;5.63%;5.63%;5.62%;5.62%;5.62%;5.62%;5.61%;5.60%;5.59%;5.59%;5.60%;5.58%;5.58%;5.57%;5.58%;5.59%;5.59%;5.57%;5.56%;5.56%;5.56%;5.57%;5.56%;5.57%;5.57%;5.57%;5.58%;5.57%;5.57%;5.57%;5.57%;5.55%;5.55%;5.56%;5.55%;5.54%;5.54%;5.54%;5.46%;5.46%;5.42%;5.43%;5.45%;5.45%;5.43%;5.41%;5.42%;5.40%;5.40%;5.40%;5.39%;5.41%;5.39%;5.41%;5.45%;5.45%;5.46%;5.44%;5.43%;5.45%;5.43%;5.42%;5.43%;5.46%;5.43%;5.41%;5.40%;5.41%;5.43%;5.44%;5.44%;5.42%;5.41%;5.44%;5.43%;5.44%;5.44%;5.45%;5.45%;5.46%;5.47%;5.47%;5.47%;5.46%;5.46%;5.46%;5.45%;5.44%;5.44%;5.44%;5.43%;5.43%;5.37%;5.37%;5.38%;5.35%;5.38%;5.46%;5.46%;5.46%;5.51%;5.50%;5.51%;5.50%;5.50%;5.52%;5.52%;5.51%;5.54%;5.53%;5.53%;5.50%;5.50%;5.50%;5.50%;5.49%;5.51%;5.52%;5.52%;5.52%;5.52%;5.54%;5.54%;5.54%;5.54%;5.53%;5.53%;5.53%;5.53%;5.53%;5.54%;5.54%;5.57%;5.56%;5.56%;5.56%;5.57%;5.57%;5.55%;5.58%;5.57%;5.57%;5.56%;5.57%;5.57%;5.56%;5.56%;5.57%;5.56%;5.56%;5.57%;5.56%;5.56%;5.56%;5.56%;5.56%;5.56%;5.57%;5.58%;5.58%;5.58%;5.57%;5.57%;5.58%;5.57%;5.58%;5.58%;5.58%;5.59%;5.59%;5.60%;5.59%;5.58%;5.59%;5.59%;5.59%;5.59%;5.59%;5.60%;5.58%;5.59%;5.59%;5.59%;5.59%;5.59%;5.59%;5.61%;5.59%;5.58%;5.58%;5.60%;5.60%;5.58%;5.59%
5.65%;5.63%;5.63%;5.64%;5.64%;5.63%;5.63%;5.63%;5.63%;5.62%;5.63%;5.62%;5.62%;5.61%;5.60%;5.61%;5.61%;5.61%;5.62%;5.61%;5.60%;5.59%;5.59%;5.56%;5.56%;5.57%;5.59%;5.61%;5.66%;5.69%;5.62%;5.61%;5.60%;5.63%;5.63%;5.64%;5.62%;5.63%;5.63%;5.63%;5.63%;5.62%;5.63%;5.62%;5.62%;5.63%;5.63%;5.65%;5.64%;5.67%;5.67%;5.65%;5.66%;5.65%;5.69%;5.65%;5.65%;5.67%;5.65%;5.66%;5.65%;5.64%;5.64%;5.63%;5.62%;5.60%;5.61%;5.64%;5.62%;5.61%;5.61%;5.61%;5.62%;5.63%;5.60%;5.59%;5.59%;5.58%;5.60%;5.59%;5.59%;5.59%;5.59%;5.59%;5.57%;5.57%;5.57%;5.56%;5.54%;5.55%;5.55%;5.55%;5.53%;5.52%;5.52%;5.44%;5.45%;5.37%;5.38%;5.42%;5.41%;5.40%;5.38%;5.39%;5.34%;5.32%;5.32%;5.31%;5.34%;5.32%;5.35%;5.39%;5.38%;5.40%;5.39%;5.38%;5.40%;5.37%;5.35%;5.42%;5.43%;5.40%;5.36%;5.36%;5.37%;5.40%;5.39%;5.38%;5.36%;5.35%;5.38%;5.38%;5.33%;5.33%;5.35%;5.35%;5.39%;5.40%;5.40%;5.41%;5.41%;5.40%;5.40%;5.41%;5.39%;5.38%;5.37%;5.38%;5.37%;5.28%;5.28%;5.29%;5.26%;5.30%;5.43%;5.44%;5.44%;5.48%;5.47%;5.49%;5.48%;5.47%;5.50%;5.51%;5.51%;5.51%;5.51%;5.51%;5.47%;5.46%;5.46%;5.46%;5.46%;5.48%;5.48%;5.49%;5.50%;5.51%;5.53%;5.52%;5.52%;5.53%;5.52%;5.53%;5.53%;5.52%;5.53%;5.52%;5.53%;5.59%;5.56%;5.55%;5.56%;5.56%;5.56%;5.56%;5.56%;5.57%;5.57%;5.57%;5.57%;5.58%;5.56%;5.56%;5.59%;5.56%;5.55%;5.56%;5.57%;5.55%;5.57%;5.57%;5.57%;5.58%;5.59%;5.57%;5.57%;5.57%;5.56%;5.57%;5.58%;5.57%;5.58%;5.58%;5.59%;5.59%;5.59%;5.59%;5.59%;5.60%;5.60%;5.60%;5.60%;5.60%;5.58%;5.58%;5.58%;5.59%;5.59%;5.59%;5.59%;5.59%;5.59%;5.63%;5.59%;5.59%;5.59%;5.62%;5.62%;5.58%;5.58%
5.67%;5.67%;5.66%;5.67%;5.66%;5.65%;5.65%;5.66%;5.66%;5.64%;5.65%;5.65%;5.65%;5.64%;5.63%;5.64%;5.63%;5.66%;5.67%;5.67%;5.66%;5.65%;5.63%;5.61%;5.60%;5.61%;5.63%;5.66%;5.70%;5.73%;5.68%;5.64%;5.64%;5.66%;5.66%;5.65%;5.66%;5.66%;5.66%;5.67%;5.67%;5.66%;5.67%;5.66%;5.66%;5.67%;5.67%;5.67%;5.72%;5.74%;5.75%;5.73%;5.73%;5.73%;5.75%;5.71%;5.72%;5.72%;5.71%;5.73%;5.71%;5.70%;5.70%;5.70%;5.67%;5.66%;5.66%;5.67%;5.67%;5.64%;5.63%;5.64%;5.64%;5.65%;5.64%;5.60%;5.61%;5.61%;5.62%;5.61%;5.62%;5.61%;5.61%;5.61%;5.59%;5.58%;5.65%;5.57%;5.54%;5.55%;5.55%;5.56%;5.54%;5.53%;5.52%;5.44%;5.45%;5.39%;5.40%;5.43%;5.42%;5.42%;5.39%;5.39%;5.35%;5.33%;5.32%;5.31%;5.34%;5.29%;5.34%;5.38%;5.37%;5.40%;5.37%;5.37%;5.39%;5.37%;5.34%;5.38%;5.43%;5.37%;5.31%;5.30%;5.33%;5.36%;5.36%;5.34%;5.31%;5.30%;5.34%;5.34%;5.35%;5.36%;5.37%;5.37%;5.40%;5.41%;5.40%;5.41%;5.41%;5.42%;5.41%;5.41%;5.39%;5.38%;5.38%;5.38%;5.38%;5.30%;5.28%;5.31%;5.28%;5.32%;5.43%;5.43%;5.43%;5.48%;5.49%;5.49%;5.46%;5.47%;5.51%;5.53%;5.49%;5.53%;5.52%;5.52%;5.48%;5.47%;5.45%;5.45%;5.45%;5.46%;5.46%;5.48%;5.50%;5.51%;5.54%;5.52%;5.53%;5.54%;5.51%;5.52%;5.52%;5.52%;5.52%;5.52%;5.54%;5.58%;5.58%;5.57%;5.58%;5.58%;5.58%;5.57%;5.57%;5.59%;5.59%;5.58%;5.58%;5.60%;5.57%;5.60%;5.60%;5.58%;5.56%;5.57%;5.58%;5.56%;5.57%;5.57%;5.58%;5.58%;5.59%;5.59%;5.59%;5.58%;5.58%;5.58%;5.60%;5.59%;5.59%;5.59%;5.62%;5.61%;5.59%;5.60%;5.61%;5.61%;5.62%;5.63%;5.63%;5.63%;5.62%;5.60%;5.60%;5.60%;5.60%;5.62%;5.61%;5.61%;5.61%;5.65%;5.60%;5.61%;5.61%;5.64%;5.63%;5.60%;5.60%
5.72%;5.72%;5.71%;5.72%;5.71%;5.71%;5.72%;5.71%;5.72%;5.70%;5.70%;5.71%;5.71%;5.70%;5.69%;5.69%;5.70%;5.69%;5.69%;5.69%;5.68%;5.67%;5.67%;5.63%;5.63%;5.65%;5.70%;5.73%;5.79%;5.82%;5.77%;5.73%;5.73%;5.73%;5.73%;5.74%;5.72%;5.71%;5.72%;5.73%;5.72%;5.72%;5.72%;5.71%;5.70%;5.71%;5.71%;5.72%;5.73%;5.75%;5.76%;5.75%;5.74%;5.74%;5.76%;5.75%;5.75%;5.74%;5.74%;5.74%;5.73%;5.73%;5.72%;5.71%;5.70%;5.69%;5.68%;5.69%;5.68%;5.66%;5.64%;5.64%;5.66%;5.67%;5.66%;5.63%;5.63%;5.64%;5.64%;5.65%;5.65%;5.65%;5.63%;5.64%;5.62%;5.59%;5.59%;5.58%;5.55%;5.56%;5.57%;5.55%;5.54%;5.53%;5.53%;5.43%;5.43%;5.38%;5.39%;5.42%;5.40%;5.39%;5.36%;5.36%;5.32%;5.31%;5.30%;5.29%;5.34%;5.29%;5.34%;5.39%;5.39%;5.41%;5.37%;5.37%;5.41%;5.37%;5.35%;5.39%;5.44%;5.39%;5.34%;5.33%;5.36%;5.38%;5.38%;5.37%;5.33%;5.33%;5.36%;5.36%;5.37%;5.37%;5.38%;5.38%;5.39%;5.41%;5.40%;5.41%;5.41%;5.41%;5.40%;5.40%;5.38%;5.38%;5.37%;5.37%;5.37%;5.29%;5.28%;5.29%;5.26%;5.31%;5.42%;5.42%;5.42%;5.49%;5.47%;5.50%;5.48%;5.47%;5.52%;5.54%;5.52%;5.58%;5.53%;5.53%;5.48%;5.48%;5.47%;5.47%;5.46%;5.48%;5.48%;5.49%;5.51%;5.51%;5.54%;5.52%;5.52%;5.54%;5.52%;5.52%;5.52%;5.52%;5.52%;5.52%;5.54%;5.59%;5.57%;5.58%;5.59%;5.58%;5.59%;5.57%;5.59%;5.60%;5.60%;5.59%;5.60%;5.61%;5.59%;5.61%;5.62%;5.59%;5.58%;5.59%;5.58%;5.58%;5.58%;5.58%;5.59%;5.59%;5.61%;5.61%;5.62%;5.60%;5.59%;5.60%;5.61%;5.60%;5.60%;5.60%;5.63%;5.63%;5.63%;5.63%;5.63%;5.63%;5.64%;5.65%;5.64%;5.64%;5.63%;5.63%;5.61%;5.62%;5.62%;5.64%;5.63%;5.64%;5.64%;5.67%;5.65%;5.63%;5.63%;5.65%;5.66%;5.63%;5.62%
5.77%;5.76%;5.76%;5.77%;5.77%;5.76%;5.76%;5.76%;5.79%;5.77%;5.78%;5.78%;5.78%;5.77%;5.76%;5.76%;5.76%;5.75%;5.76%;5.76%;5.74%;5.73%;5.73%;5.68%;5.67%;5.68%;5.71%;5.75%;5.83%;5.86%;5.78%;5.76%;5.74%;5.75%;5.76%;5.77%;5.75%;5.75%;5.76%;5.77%;5.76%;5.74%;5.75%;5.74%;5.73%;5.74%;5.74%;5.75%;5.76%;5.79%;5.81%;5.78%;5.79%;5.78%;5.83%;5.79%;5.79%;5.82%;5.79%;5.80%;5.78%;5.78%;5.76%;5.76%;5.75%;5.73%;5.73%;5.78%;5.74%;5.72%;5.71%;5.71%;5.72%;5.74%;5.70%;5.68%;5.68%;5.67%;5.69%;5.68%;5.68%;5.68%;5.66%;5.66%;5.64%;5.60%;5.68%;5.59%;5.54%;5.56%;5.56%;5.56%;5.54%;5.53%;5.52%;5.41%;5.42%;5.35%;5.36%;5.40%;5.37%;5.37%;5.34%;5.34%;5.28%;5.26%;5.25%;5.24%;5.28%;5.25%;5.29%;5.34%;5.34%;5.37%;5.33%;5.32%;5.37%;5.33%;5.31%;5.39%;5.41%;5.37%;5.31%;5.31%;5.34%;5.37%;5.35%;5.33%;5.30%;5.28%;5.33%;5.32%;5.29%;5.30%;5.33%;5.32%;5.36%;5.37%;5.36%;5.37%;5.38%;5.37%;5.36%;5.38%;5.35%;5.34%;5.33%;5.34%;5.33%;5.24%;5.22%;5.24%;5.21%;5.26%;5.40%;5.41%;5.41%;5.47%;5.46%;5.48%;5.46%;5.46%;5.52%;5.55%;5.51%;5.55%;5.53%;5.52%;5.47%;5.46%;5.44%;5.44%;5.44%;5.46%;5.46%;5.48%;5.50%;5.50%;5.54%;5.51%;5.53%;5.53%;5.52%;5.52%;5.52%;5.52%;5.52%;5.51%;5.52%;5.62%;5.58%;5.58%;5.59%;5.59%;5.59%;5.58%;5.58%;5.61%;5.61%;5.60%;5.61%;5.62%;5.60%;5.61%;5.63%;5.58%;5.58%;5.58%;5.59%;5.58%;5.59%;5.59%;5.61%;5.61%;5.62%;5.61%;5.61%;5.60%;5.59%;5.60%;5.62%;5.61%;5.61%;5.62%;5.64%;5.65%;5.64%;5.64%;5.64%;5.65%;5.66%;5.67%;5.67%;5.67%;5.65%;5.63%;5.63%;5.63%;5.63%;5.65%;5.64%;5.65%;5.67%;5.71%;5.66%;5.65%;5.64%;5.68%;5.67%;5.63%;5.62%
5.84%;5.83%;5.83%;5.84%;5.83%;5.81%;5.82%;5.82%;5.83%;5.80%;5.81%;5.81%;5.81%;5.80%;5.79%;5.80%;5.79%;5.81%;5.81%;5.81%;5.80%;5.78%;5.76%;5.73%;5.72%;5.73%;5.76%;5.81%;5.88%;5.91%;5.85%;5.79%;5.79%;5.79%;5.80%;5.80%;5.79%;5.79%;5.79%;5.81%;5.81%;5.79%;5.80%;5.79%;5.78%;5.79%;5.80%;5.80%;5.85%;5.87%;5.90%;5.87%;5.87%;5.87%;5.90%;5.86%;5.86%;5.86%;5.85%;5.87%;5.84%;5.84%;5.84%;5.83%;5.81%;5.79%;5.78%;5.81%;5.80%;5.76%;5.74%;5.75%;5.76%;5.77%;5.75%;5.70%;5.71%;5.71%;5.72%;5.72%;5.72%;5.72%;5.69%;5.68%;5.66%;5.63%;5.67%;5.60%;5.54%;5.56%;5.57%;5.57%;5.54%;5.54%;5.52%;5.42%;5.43%;5.36%;5.38%;5.41%;5.39%;5.39%;5.36%;5.35%;5.30%;5.27%;5.26%;5.25%;5.29%;5.23%;5.28%;5.34%;5.34%;5.37%;5.32%;5.32%;5.37%;5.34%;5.31%;5.38%;5.42%;5.37%;5.28%;5.28%;5.31%;5.35%;5.34%;5.32%;5.27%;5.26%;5.31%;5.31%;5.32%;5.33%;5.34%;5.34%;5.37%;5.38%;5.37%;5.38%;5.39%;5.39%;5.38%;5.39%;5.36%;5.35%;5.35%;5.35%;5.35%;5.25%;5.24%;5.26%;5.23%;5.28%;5.41%;5.41%;5.42%;5.48%;5.47%;5.49%;5.47%;5.47%;5.53%;5.57%;5.52%;5.57%;5.53%;5.53%;5.47%;5.47%;5.44%;5.44%;5.44%;5.46%;5.46%;5.48%;5.50%;5.51%;5.56%;5.53%;5.54%;5.55%;5.52%;5.52%;5.52%;5.52%;5.52%;5.52%;5.55%;5.62%;5.60%;5.60%;5.62%;5.61%;5.60%;5.59%;5.61%;5.63%;5.63%;5.61%;5.61%;5.64%;5.61%;5.64%;5.65%;5.61%;5.59%;5.61%;5.60%;5.59%;5.60%;5.61%;5.62%;5.63%;5.64%;5.63%;5.63%;5.61%;5.62%;5.62%;5.64%;5.63%;5.63%;5.62%;5.67%;5.66%;5.64%;5.65%;5.65%;5.67%;5.68%;5.70%;5.70%;5.70%;5.68%;5.65%;5.64%;5.65%;5.65%;5.68%;5.66%;5.67%;5.68%;5.72%;5.67%;5.66%;5.66%;5.70%;5.69%;5.66%;5.65%
5.88%;5.88%;5.87%;5.88%;5.88%;5.87%;5.87%;5.86%;5.87%;5.86%;5.86%;5.87%;5.86%;5.85%;5.84%;5.84%;5.85%;5.84%;5.85%;5.84%;5.83%;5.81%;5.82%;5.77%;5.76%;5.78%;5.84%;5.88%;5.97%;6.00%;5.95%;5.90%;5.88%;5.87%;5.87%;5.88%;5.86%;5.84%;5.85%;5.87%;5.86%;5.85%;5.85%;5.83%;5.82%;5.83%;5.84%;5.85%;5.87%;5.90%;5.92%;5.90%;5.90%;5.89%;5.92%;5.92%;5.91%;5.91%;5.90%;5.90%;5.88%;5.89%;5.88%;5.87%;5.84%;5.84%;5.83%;5.83%;5.83%;5.80%;5.78%;5.78%;5.80%;5.81%;5.79%;5.74%;5.74%;5.74%;5.75%;5.75%;5.75%;5.75%;5.72%;5.72%;5.70%;5.65%;5.65%;5.61%;5.55%;5.58%;5.59%;5.57%;5.55%;5.54%;5.53%;5.41%;5.41%;5.36%;5.37%;5.41%;5.38%;5.37%;5.34%;5.33%;5.28%;5.27%;5.25%;5.24%;5.30%;5.24%;5.30%;5.36%;5.36%;5.40%;5.34%;5.34%;5.40%;5.35%;5.34%;5.41%;5.46%;5.38%;5.30%;5.30%;5.34%;5.37%;5.37%;5.34%;5.30%;5.29%;5.33%;5.33%;5.34%;5.34%;5.36%;5.36%;5.37%;5.39%;5.38%;5.40%;5.39%;5.39%;5.38%;5.39%;5.35%;5.35%;5.34%;5.35%;5.34%;5.26%;5.24%;5.26%;5.23%;5.29%;5.40%;5.41%;5.44%;5.50%;5.48%;5.51%;5.49%;5.48%;5.55%;5.59%;5.56%;5.64%;5.56%;5.55%;5.48%;5.48%;5.45%;5.46%;5.46%;5.47%;5.48%;5.50%;5.51%;5.52%;5.57%;5.55%;5.55%;5.57%;5.53%;5.53%;5.53%;5.53%;5.53%;5.53%;5.55%;5.63%;5.61%;5.62%;5.64%;5.63%;5.63%;5.61%;5.63%;5.66%;5.65%;5.63%;5.64%;5.67%;5.65%;5.66%;5.67%;5.62%;5.61%;5.62%;5.61%;5.61%;5.61%;5.62%;5.63%;5.64%;5.66%;5.66%;5.66%;5.63%;5.63%;5.64%;5.65%;5.64%;5.65%;5.65%;5.69%;5.69%;5.68%;5.70%;5.69%;5.68%;5.70%;5.72%;5.72%;5.71%;5.70%;5.68%;5.67%;5.68%;5.68%;5.71%;5.69%;5.71%;5.72%;5.75%;5.71%;5.69%;5.68%;5.72%;5.72%;5.69%;5.66%
6.09%;6.09%;6.08%;6.09%;6.08%;6.06%;6.07%;6.06%;6.07%;6.05%;6.06%;6.06%;6.06%;6.05%;6.03%;6.03%;6.02%;6.02%;6.02%;6.03%;6.00%;5.99%;5.99%;5.93%;5.92%;5.94%;6.01%;6.05%;6.16%;6.18%;6.13%;6.06%;6.05%;6.03%;6.03%;6.05%;6.01%;6.00%;6.00%;6.03%;6.02%;6.00%;5.99%;5.98%;5.96%;5.98%;5.99%;6.00%;6.02%;6.05%;6.09%;6.07%;6.05%;6.04%;6.08%;6.09%;6.07%;6.06%;6.06%;6.06%;6.04%;6.05%;6.04%;6.02%;6.00%;5.99%;5.98%;5.99%;5.99%;5.96%;5.92%;5.92%;5.94%;5.96%;5.92%;5.87%;5.85%;5.87%;5.88%;5.88%;5.87%;5.87%;5.82%;5.81%;5.79%;5.73%;5.72%;5.68%;5.58%;5.61%;5.62%;5.60%;5.57%;5.56%;5.55%;5.43%;5.43%;5.36%;5.38%;5.44%;5.39%;5.39%;5.35%;5.34%;5.28%;5.25%;5.24%;5.23%;5.29%;5.23%;5.30%;5.38%;5.39%;5.45%;5.37%;5.36%;5.45%;5.38%;5.37%;5.46%;5.50%;5.41%;5.31%;5.31%;5.36%;5.40%;5.41%;5.37%;5.30%;5.29%;5.33%;5.33%;5.35%;5.35%;5.37%;5.36%;5.39%;5.41%;5.39%;5.42%;5.41%;5.41%;5.39%;5.40%;5.36%;5.35%;5.35%;5.36%;5.35%;5.26%;5.24%;5.26%;5.23%;5.30%;5.41%;5.43%;5.45%;5.56%;5.53%;5.56%;5.54%;5.53%;5.61%;5.65%;5.62%;5.73%;5.63%;5.60%;5.51%;5.51%;5.47%;5.48%;5.47%;5.49%;5.51%;5.53%;5.56%;5.57%;5.63%;5.60%;5.59%;5.60%;5.56%;5.56%;5.56%;5.56%;5.56%;5.57%;5.57%;5.68%;5.67%;5.68%;5.71%;5.68%;5.68%;5.65%;5.69%;5.72%;5.70%;5.67%;5.69%;5.72%;5.70%;5.71%;5.73%;5.66%;5.65%;5.66%;5.65%;5.64%;5.64%;5.66%;5.68%;5.69%;5.72%;5.71%;5.72%;5.69%;5.68%;5.69%;5.71%;5.69%;5.70%;5.70%;5.76%;5.76%;5.74%;5.77%;5.75%;5.74%;5.78%;5.80%;5.80%;5.79%;5.78%;5.75%;5.74%;5.75%;5.75%;5.80%;5.78%;5.80%;5.81%;5.86%;5.80%;5.75%;5.74%;5.80%;5.80%;5.76%;5.73%
6.31%;6.31%;6.30%;6.31%;6.30%;6.28%;6.28%;6.27%;6.29%;6.26%;6.27%;6.27%;6.26%;6.25%;6.23%;6.23%;6.21%;6.21%;6.21%;6.22%;6.20%;6.17%;6.18%;6.11%;6.09%;6.13%;6.19%;6.23%;6.36%;6.37%;6.31%;6.23%;6.21%;6.20%;6.19%;6.21%;6.17%;6.15%;6.16%;6.19%;6.17%;6.14%;6.14%;6.12%;6.11%;6.12%;6.13%;6.14%;6.17%;6.21%;6.25%;6.22%;6.21%;6.19%;6.23%;6.24%;6.21%;6.20%;6.20%;6.21%;6.19%;6.20%;6.18%;6.18%;6.15%;6.14%;6.13%;6.14%;6.15%;6.11%;6.06%;6.06%;6.09%;6.11%;6.05%;5.99%;5.98%;6.00%;6.01%;5.99%;5.99%;5.98%;5.93%;5.92%;5.89%;5.82%;5.81%;5.75%;5.63%;5.66%;5.68%;5.66%;5.62%;5.62%;5.60%;5.47%;5.45%;5.38%;5.42%;5.48%;5.43%;5.42%;5.39%;5.37%;5.30%;5.27%;5.25%;5.24%;5.31%;5.24%;5.32%;5.42%;5.44%;5.52%;5.42%;5.42%;5.51%;5.44%;5.43%;5.53%;5.58%;5.47%;5.36%;5.36%;5.41%;5.46%;5.47%;5.42%;5.33%;5.32%;5.36%;5.36%;5.39%;5.39%;5.42%;5.40%;5.43%;5.45%;5.43%;5.46%;5.45%;5.45%;5.43%;5.45%;5.39%;5.38%;5.38%;5.40%;5.38%;5.29%;5.28%;5.29%;5.25%;5.33%;5.44%;5.47%;5.48%;5.62%;5.60%;5.62%;5.61%;5.60%;5.70%;5.74%;5.70%;5.83%;5.71%;5.68%;5.57%;5.57%;5.52%;5.53%;5.53%;5.54%;5.58%;5.59%;5.62%;5.64%;5.71%;5.68%;5.66%;5.67%;5.63%;5.62%;5.63%;5.63%;5.63%;5.63%;5.63%;5.76%;5.74%;5.75%;5.78%;5.76%;5.75%;5.72%;5.77%;5.79%;5.78%;5.74%;5.75%;5.79%;5.77%;5.78%;5.80%;5.71%;5.70%;5.71%;5.70%;5.69%;5.69%;5.71%;5.74%;5.75%;5.78%;5.79%;5.79%;5.75%;5.75%;5.75%;5.78%;5.76%;5.76%;5.76%;5.84%;5.84%;5.81%;5.85%;5.82%;5.81%;5.86%;5.88%;5.88%;5.88%;5.87%;5.82%;5.81%;5.82%;5.83%;5.89%;5.87%;5.90%;5.92%;5.96%;5.90%;5.84%;5.82%;5.88%;5.89%;5.85%;5.81%
6.54%;6.53%;6.51%;6.52%;6.52%;6.48%;6.49%;6.47%;6.49%;6.46%;6.47%;6.47%;6.47%;6.46%;6.43%;6.43%;6.40%;6.41%;6.40%;6.41%;6.39%;6.37%;6.38%;6.29%;6.28%;6.31%;6.38%;6.42%;6.55%;6.57%;6.49%;6.41%;6.38%;6.36%;6.35%;6.37%;6.33%;6.31%;6.32%;6.35%;6.32%;6.29%;6.29%;6.27%;6.25%;6.26%;6.27%;6.29%;6.32%;6.36%;6.39%;6.37%;6.35%;6.33%;6.37%;6.38%;6.35%;6.34%;6.34%;6.34%;6.32%;6.34%;6.32%;6.32%;6.29%;6.28%;6.27%;6.28%;6.29%;6.26%;6.20%;6.19%;6.23%;6.24%;6.18%;6.12%;6.11%;6.13%;6.13%;6.11%;6.10%;6.10%;6.04%;6.02%;5.99%;5.92%;5.90%;5.83%;5.70%;5.73%;5.76%;5.73%;5.68%;5.68%;5.66%;5.54%;5.50%;5.43%;5.48%;5.55%;5.48%;5.48%;5.44%;5.42%;5.35%;5.30%;5.29%;5.27%;5.35%;5.27%;5.37%;5.48%;5.51%;5.61%;5.49%;5.49%;5.58%;5.52%;5.51%;5.62%;5.67%;5.56%;5.43%;5.44%;5.49%;5.47%;5.55%;5.50%;5.40%;5.37%;5.41%;5.42%;5.45%;5.45%;5.49%;5.46%;5.49%;5.52%;5.49%;5.53%;5.52%;5.51%;5.49%;5.51%;5.45%;5.43%;5.44%;5.45%;5.44%;5.34%;5.33%;5.35%;5.30%;5.39%;5.50%;5.52%;5.54%;5.70%;5.68%;5.71%;5.70%;5.69%;5.80%;5.84%;5.81%;5.94%;5.81%;5.77%;5.65%;5.65%;5.59%;5.61%;5.60%;5.62%;5.65%;5.66%;5.71%;5.72%;5.81%;5.77%;5.75%;5.76%;5.71%;5.71%;5.71%;5.71%;5.71%;5.71%;5.72%;5.85%;5.83%;5.85%;5.88%;5.85%;5.84%;5.81%;5.87%;5.88%;5.86%;5.81%;5.83%;5.87%;5.84%;5.85%;5.88%;5.78%;5.76%;5.78%;5.76%;5.75%;5.74%;5.76%;5.80%;5.82%;5.85%;5.86%;5.87%;5.82%;5.82%;5.82%;5.85%;5.83%;5.83%;5.84%;5.92%;5.92%;5.89%;5.92%;5.90%;5.89%;5.94%;5.97%;5.97%;5.97%;5.96%;5.90%;5.89%;5.90%;5.91%;5.99%;5.97%;6.00%;6.02%;6.07%;6.00%;5.93%;5.91%;5.97%;5.99%;5.93%;5.90%
6.73%;6.72%;6.71%;6.72%;6.71%;6.67%;6.69%;6.66%;6.68%;6.65%;6.67%;6.67%;6.66%;6.64%;6.62%;6.62%;6.59%;6.59%;6.59%;6.60%;6.57%;6.55%;6.56%;6.47%;6.45%;6.48%;6.56%;6.60%;6.74%;6.74%;6.66%;6.57%;6.54%;6.52%;6.51%;6.53%;6.48%;6.47%;6.47%;6.51%;6.48%;6.44%;6.44%;6.42%;6.40%;6.41%;6.41%;6.43%;6.46%;6.50%;6.54%;6.52%;6.49%;6.47%;6.52%;6.52%;6.49%;6.48%;6.48%;6.49%;6.47%;6.49%;6.47%;6.46%;6.43%;6.42%;6.41%;6.42%;6.43%;6.40%;6.34%;6.34%;6.38%;6.39%;6.32%;6.25%;6.24%;6.26%;6.26%;6.23%;6.22%;6.22%;6.15%;6.13%;6.10%;6.02%;6.01%;5.94%;5.78%;5.81%;5.84%;5.81%;5.75%;5.76%;5.74%;5.61%;5.57%;5.49%;5.55%;5.62%;5.55%;5.55%;5.51%;5.49%;5.42%;5.36%;5.34%;5.32%;5.41%;5.33%;5.43%;5.56%;5.60%;5.71%;5.57%;5.57%;5.68%;5.61%;5.61%;5.72%;5.77%;5.66%;5.52%;5.53%;5.59%;5.58%;5.66%;5.59%;5.49%;5.45%;5.49%;5.50%;5.53%;5.54%;5.58%;5.54%;5.58%;5.61%;5.57%;5.61%;5.60%;5.60%;5.57%;5.60%;5.52%;5.50%;5.51%;5.53%;5.52%;5.41%;5.40%;5.42%;5.38%;5.46%;5.57%;5.60%;5.62%;5.79%;5.77%;5.80%;5.78%;5.78%;5.91%;5.96%;5.91%;6.07%;5.92%;5.88%;5.75%;5.74%;5.68%;5.70%;5.69%;5.71%;5.74%;5.76%;5.81%;5.82%;5.93%;5.87%;5.85%;5.86%;5.81%;5.81%;5.81%;5.81%;5.81%;5.81%;5.81%;5.96%;5.93%;5.95%;5.98%;5.95%;5.94%;5.90%;5.97%;5.98%;5.96%;5.90%;5.91%;5.96%;5.93%;5.94%;5.97%;5.85%;5.83%;5.85%;5.84%;5.82%;5.81%;5.83%;5.88%;5.89%;5.92%;5.93%;5.94%;5.89%;5.89%;5.89%;5.93%;5.90%;5.90%;5.92%;6.00%;6.00%;5.97%;6.01%;5.98%;5.96%;6.03%;6.06%;6.06%;6.06%;6.04%;5.99%;5.98%;5.99%;6.00%;6.09%;6.07%;6.11%;6.12%;6.18%;6.10%;6.03%;6.01%;6.07%;6.09%;6.03%;5.99%
7.38%;7.37%;7.32%;7.33%;7.35%;7.31%;7.29%;7.29%;7.33%;7.30%;7.31%;7.31%;7.22%;7.25%;7.19%;7.20%;7.17%;7.15%;7.15%;7.15%;7.15%;7.12%;7.13%;7.04%;7.02%;7.04%;7.15%;7.16%;7.31%;7.29%;7.21%;7.10%;7.09%;7.11%;7.05%;7.04%;7.03%;7.01%;7.01%;7.00%;7.01%;6.95%;6.94%;6.93%;6.89%;6.92%;6.92%;6.95%;6.95%;7.04%;7.08%;7.05%;7.06%;7.06%;7.03%;7.02%;6.99%;6.97%;6.99%;7.00%;6.97%;7.01%;6.98%;6.97%;6.93%;6.92%;6.89%;6.94%;6.94%;6.92%;6.86%;6.86%;6.90%;6.86%;6.86%;6.75%;6.74%;6.74%;6.75%;6.71%;6.68%;6.66%;6.61%;6.55%;6.50%;6.44%;6.44%;6.40%;6.13%;6.22%;6.21%;6.18%;6.10%;6.11%;6.08%;5.98%;5.87%;5.87%;5.93%;5.93%;5.87%;5.87%;5.83%;5.81%;5.72%;5.67%;5.58%;5.55%;5.68%;5.58%;5.73%;5.90%;6.06%;6.13%;5.98%;6.00%;6.15%;6.04%;6.04%;6.21%;6.31%;6.17%;5.99%;5.95%;6.01%;6.12%;6.15%;6.09%;5.92%;5.91%;5.88%;5.87%;5.95%;5.91%;5.96%;5.94%;5.95%;6.04%;5.95%;5.95%;5.95%;5.99%;5.95%;5.93%;5.86%;5.87%;5.89%;5.94%;5.89%;5.80%;5.76%;5.77%;5.70%;5.79%;5.88%;5.97%;6.06%;6.16%;6.14%;6.15%;6.09%;6.14%;6.27%;6.39%;6.34%;6.50%;6.34%;6.32%;6.13%;6.13%;6.08%;6.08%;6.08%;6.11%;6.12%;6.20%;6.23%;6.29%;6.40%;6.33%;6.29%;6.28%;6.20%;6.20%;6.19%;6.18%;6.18%;6.17%;6.18%;6.31%;6.32%;6.31%;6.35%;6.29%;6.30%;6.25%;6.35%;6.33%;6.33%;6.25%;6.26%;6.31%;6.25%;6.26%;6.30%;6.16%;6.12%;6.16%;6.13%;6.11%;6.09%;6.14%;6.21%;6.23%;6.26%;6.28%;6.29%;6.22%;6.22%;6.23%;6.25%;6.23%;6.21%;6.27%;6.31%;6.37%;6.34%;6.36%;6.32%;6.28%;6.34%;6.37%;6.38%;6.42%;6.39%;6.29%;6.32%;6.33%;6.32%;6.49%;6.43%;6.50%;6.49%;6.56%;6.50%;6.38%;6.37%;6.44%;6.47%;6.40%;6.34%
7.76%;7.75%;7.71%;7.72%;7.73%;7.71%;7.69%;7.66%;7.72%;7.69%;7.69%;7.70%;7.59%;7.62%;7.56%;7.55%;7.51%;7.50%;7.50%;7.51%;7.51%;7.48%;7.51%;7.43%;7.40%;7.40%;7.51%;7.51%;7.66%;7.66%;7.56%;7.46%;7.44%;7.42%;7.40%;7.41%;7.37%;7.33%;7.33%;7.38%;7.33%;7.28%;7.26%;7.27%;7.22%;7.25%;7.26%;7.29%;7.32%;7.37%;7.44%;7.40%;7.36%;7.34%;7.39%;7.40%;7.35%;7.32%;7.33%;7.36%;7.35%;7.38%;7.38%;7.38%;7.33%;7.30%;7.27%;7.33%;7.37%;7.34%;7.30%;7.29%;7.34%;7.31%;7.21%;7.15%;7.13%;7.14%;7.14%;7.10%;7.08%;7.06%;6.97%;6.91%;6.87%;6.80%;6.82%;6.80%;6.55%;6.60%;6.60%;6.57%;6.48%;6.49%;6.42%;6.35%;6.21%;6.23%;6.30%;6.30%;6.21%;6.20%;6.15%;6.14%;6.05%;6.00%;5.91%;5.87%;6.01%;5.90%;6.04%;6.27%;6.46%;6.57%;6.39%;6.41%;6.59%;6.48%;6.49%;6.64%;6.79%;6.65%;6.47%;6.43%;6.48%;6.59%;6.63%;6.57%;6.40%;6.37%;6.33%;6.28%;6.39%;6.34%;6.40%;6.38%;6.39%;6.46%;6.37%;6.36%;6.37%;6.40%;6.36%;6.34%;6.24%;6.25%;6.29%;6.36%;6.30%;6.20%;6.15%;6.16%;6.08%;6.19%;6.23%;6.34%;6.41%;6.54%;6.52%;6.52%;6.47%;6.53%;6.65%;6.76%;6.71%;6.87%;6.72%;6.70%;6.49%;6.50%;6.44%;6.45%;6.45%;6.47%;6.48%;6.57%;6.60%;6.67%;6.78%;6.72%;6.67%;6.65%;6.57%;6.55%;6.54%;6.53%;6.51%;6.51%;6.52%;6.65%;6.68%;6.67%;6.67%;6.63%;6.62%;6.56%;6.66%;6.67%;6.63%;6.55%;6.55%;6.60%;6.54%;6.55%;6.60%;6.45%;6.39%;6.44%;6.40%;6.37%;6.35%;6.41%;6.49%;6.50%;6.55%;6.59%;6.61%;6.53%;6.53%;6.53%;6.57%;6.54%;6.52%;6.59%;6.63%;6.69%;6.66%;6.68%;6.64%;6.60%;6.64%;6.67%;6.68%;6.72%;6.69%;6.59%;6.61%;6.62%;6.61%;6.81%;6.75%;6.80%;6.80%;6.88%;6.82%;6.70%;6.69%;6.75%;6.78%;6.72%;6.66%
8.03%;8.02%;7.96%;7.95%;7.98%;7.95%;7.97%;7.95%;7.98%;7.97%;7.98%;7.96%;7.87%;7.89%;7.81%;7.79%;7.76%;7.73%;7.73%;7.75%;7.74%;7.71%;7.79%;7.67%;7.66%;7.69%;7.77%;7.77%;7.91%;7.91%;7.81%;7.70%;7.68%;7.68%;7.65%;7.65%;7.60%;7.57%;7.58%;7.63%;7.55%;7.49%;7.51%;7.50%;7.46%;7.50%;7.50%;7.55%;7.57%;7.58%;7.66%;7.65%;7.63%;7.58%;7.63%;7.64%;7.60%;7.58%;7.60%;7.65%;7.64%;7.69%;7.65%;7.66%;7.61%;7.58%;7.55%;7.61%;7.66%;7.63%;7.63%;7.62%;7.64%;7.64%;7.53%;7.46%;7.43%;7.47%;7.46%;7.40%;7.38%;7.39%;7.29%;7.20%;7.13%;7.10%;7.16%;7.11%;6.87%;6.94%;6.93%;6.93%;6.82%;6.78%;6.77%;6.57%;6.54%;6.50%;6.60%;6.65%;6.54%;6.50%;6.44%;6.43%;6.36%;6.29%;6.24%;6.24%;6.32%;6.21%;6.37%;6.61%;6.80%;6.97%;6.76%;6.75%;6.98%;6.84%;6.87%;7.05%;7.20%;7.07%;6.88%;6.87%;6.93%;7.07%;7.05%;7.02%;6.83%;6.75%;6.74%;6.71%;6.79%;6.78%;6.85%;6.79%;6.83%;6.85%;6.76%;6.79%;6.79%;6.84%;6.77%;6.73%;6.62%;6.63%;6.69%;6.73%;6.69%;6.59%;6.52%;6.56%;6.43%;6.56%;6.55%;6.65%;6.72%;6.89%;6.87%;6.87%;6.82%;6.87%;7.01%;7.12%;7.05%;7.17%;7.10%;7.04%;6.81%;6.85%;6.74%;6.79%;6.77%;6.79%;6.85%;6.88%;6.93%;7.00%;7.12%;7.05%;7.01%;7.00%;6.90%;6.85%;6.85%;6.84%;6.86%;6.83%;6.83%;6.97%;7.01%;6.96%;6.99%;6.92%;6.92%;6.85%;6.91%;6.93%;6.93%;6.85%;6.85%;6.90%;6.82%;6.83%;6.88%;6.69%;6.66%;6.70%;6.68%;6.67%;6.62%;6.64%;6.72%;6.75%;6.81%;6.87%;6.89%;6.85%;6.83%;6.79%;6.85%;6.81%;6.80%;6.87%;6.88%;6.97%;6.95%;6.97%;6.92%;6.88%;6.92%;6.94%;6.99%;6.99%;6.97%;6.85%;6.87%;6.88%;6.89%;7.06%;7.05%;7.07%;7.07%;7.14%;7.08%;7.04%;6.97%;6.99%;7.03%;7.00%;6.95%
8.21%;8.18%;8.17%;8.12%;8.15%;8.13%;8.17%;8.15%;8.16%;8.16%;8.17%;8.15%;8.02%;8.03%;7.96%;7.97%;7.93%;7.89%;7.89%;7.95%;7.90%;7.91%;7.93%;7.87%;7.85%;7.84%;7.92%;7.97%;8.09%;8.07%;7.97%;7.84%;7.84%;7.85%;7.84%;7.85%;7.76%;7.75%;7.75%;7.82%;7.73%;7.69%;7.67%;7.68%;7.63%;7.66%;7.67%;7.73%;7.74%;7.81%;7.85%;7.87%;7.80%;7.78%;7.81%;7.81%;7.80%;7.76%;7.82%;7.84%;7.86%;7.90%;7.85%;7.88%;7.85%;7.81%;7.80%;7.82%;7.88%;7.86%;7.85%;7.87%;7.90%;7.89%;7.78%;7.69%;7.68%;7.69%;7.69%;7.64%;7.62%;7.60%;7.52%;7.44%;7.36%;7.32%;7.41%;7.37%;7.14%;7.22%;7.27%;7.19%;7.11%;7.13%;6.99%;6.82%;6.78%;6.79%;6.92%;6.92%;6.84%;6.80%;6.72%;6.72%;6.66%;6.56%;6.54%;6.48%;6.60%;6.51%;6.68%;6.88%;7.11%;7.27%;7.07%;7.09%;7.29%;7.15%;7.19%;7.36%;7.55%;7.41%;7.22%;7.23%;7.25%;7.41%;7.42%;7.35%;7.18%;7.13%;7.11%;7.05%;7.14%;7.13%;7.21%;7.14%;7.19%;7.20%;7.06%;7.12%;7.15%;7.18%;7.09%;7.08%;6.94%;6.99%;7.01%;7.06%;7.02%;6.90%;6.83%;6.89%;6.77%;6.89%;6.97%;6.95%;7.10%;7.18%;7.19%;7.19%;7.13%;7.19%;7.30%;7.43%;7.37%;7.46%;7.34%;7.32%;7.08%;7.12%;7.03%;7.07%;7.04%;7.11%;7.12%;7.16%;7.23%;7.31%;7.42%;7.34%;7.31%;7.29%;7.18%;7.15%;7.14%;7.14%;7.15%;7.12%;7.12%;7.26%;7.24%;7.23%;7.28%;7.19%;7.17%;7.11%;7.21%;7.20%;7.17%;7.08%;7.09%;7.12%;7.02%;7.06%;7.10%;6.91%;6.86%;6.93%;6.90%;6.84%;6.84%;6.88%;6.95%;6.99%;7.04%;7.10%;7.17%;7.05%;7.03%;7.05%;7.07%;7.04%;7.06%;7.11%;7.17%;7.22%;7.19%;7.22%;7.18%;7.11%;7.16%;7.19%;7.18%;7.23%;7.19%;7.11%;7.14%;7.11%;7.12%;7.33%;7.28%;7.30%;7.31%;7.37%;7.32%;7.28%;7.22%;7.27%;7.30%;7.23%;7.16%
8.36%;8.35%;8.30%;8.25%;8.29%;8.26%;8.30%;8.28%;8.31%;8.30%;8.30%;8.30%;8.16%;8.21%;8.18%;8.11%;8.09%;8.01%;8.02%;8.08%;8.03%;8.06%;8.12%;8.02%;8.00%;7.99%;8.13%;8.12%;8.21%;8.20%;8.08%;8.02%;8.00%;8.00%;7.98%;8.00%;7.93%;7.93%;7.91%;7.96%;7.88%;7.85%;7.83%;7.86%;7.80%;7.82%;7.83%;7.90%;7.86%;7.96%;8.00%;7.97%;7.95%;7.92%;7.98%;7.96%;7.94%;7.90%;7.95%;8.02%;8.03%;8.04%;8.04%;8.06%;8.02%;7.93%;7.93%;7.99%;8.05%;8.03%;8.04%;8.05%;8.09%;8.07%;7.96%;7.88%;7.87%;7.88%;7.88%;7.82%;7.81%;7.78%;7.69%;7.65%;7.56%;7.52%;7.61%;7.58%;7.36%;7.45%;7.51%;7.44%;7.35%;7.32%;7.17%;7.03%;6.99%;7.02%;7.13%;7.16%;7.09%;7.03%;6.97%;6.97%;6.91%;6.81%;6.78%;6.72%;6.83%;6.76%;6.92%;7.13%;7.35%;7.53%;7.33%;7.35%;7.55%;7.41%;7.45%;7.62%;7.81%;7.67%;7.48%;7.49%;7.52%;7.69%;7.69%;7.62%;7.47%;7.43%;7.40%;7.34%;7.42%;7.42%;7.49%;7.44%;7.49%;7.48%;7.33%;7.38%;7.44%;7.46%;7.37%;7.34%;7.20%;7.26%;7.26%;7.33%;7.28%;7.17%;7.10%;7.16%;7.07%;7.19%;7.25%;7.22%;7.38%;7.43%;7.45%;7.45%;7.37%;7.44%;7.54%;7.67%;7.62%;7.69%;7.57%;7.56%;7.32%;7.36%;7.26%;7.30%;7.27%;7.31%;7.35%;7.39%;7.46%;7.56%;7.67%;7.59%;7.56%;7.53%;7.43%;7.38%;7.39%;7.38%;7.40%;7.35%;7.36%;7.49%;7.47%;7.46%;7.51%;7.43%;7.38%;7.32%;7.41%;7.41%;7.37%;7.27%;7.30%;7.33%;7.23%;7.27%;7.30%;7.12%;7.06%;7.13%;7.11%;7.06%;7.05%;7.08%;7.15%;7.18%;7.24%;7.31%;7.40%;7.27%;7.22%;7.25%;7.27%;7.25%;7.26%;7.31%;7.38%;7.43%;7.40%;7.41%;7.37%;7.31%;7.33%;7.37%;7.38%;7.43%;7.39%;7.30%;7.32%;7.31%;7.32%;7.52%;7.48%;7.50%;7.51%;7.57%;7.52%;7.49%;7.43%;7.48%;7.52%;7.46%;7.38%
8.49%;8.44%;8.41%;8.36%;8.39%;8.37%;8.37%;8.37%;8.40%;8.40%;8.38%;8.40%;8.25%;8.27%;8.20%;8.20%;8.16%;8.12%;8.12%;8.14%;8.14%;8.16%;8.18%;8.16%;8.11%;8.13%;8.23%;8.22%;8.32%;8.29%;8.21%;8.09%;8.10%;8.07%;8.05%;8.11%;8.02%;7.97%;7.98%;8.07%;7.95%;7.92%;7.94%;7.92%;7.90%;7.93%;7.92%;7.97%;7.99%;8.01%;8.13%;8.10%;8.07%;8.04%;8.10%;8.16%;8.07%;8.04%;8.06%;8.12%;8.16%;8.20%;8.17%;8.18%;8.15%;8.09%;8.06%;8.11%;8.17%;8.19%;8.16%;8.18%;8.19%;8.18%;8.10%;8.02%;7.99%;8.00%;8.00%;7.94%;7.94%;7.96%;7.85%;7.75%;7.70%;7.64%;7.75%;7.74%;7.53%;7.64%;7.69%;7.64%;7.51%;7.47%;7.37%;7.19%;7.15%;7.19%;7.32%;7.35%;7.26%;7.21%;7.16%;7.15%;7.12%;6.99%;6.97%;6.95%;7.03%;6.92%;7.06%;7.33%;7.54%;7.73%;7.53%;7.52%;7.75%;7.60%;7.65%;7.82%;7.98%;7.87%;7.67%;7.68%;7.74%;7.89%;7.89%;7.84%;7.67%;7.67%;7.62%;7.55%;7.65%;7.64%;7.72%;7.67%;7.67%;7.69%;7.60%;7.58%;7.63%;7.68%;7.57%;7.54%;7.40%;7.44%;7.49%;7.54%;7.49%;7.39%;7.36%;7.41%;7.28%;7.42%;7.45%;7.44%;7.57%;7.67%;7.65%;7.63%;7.56%;7.62%;7.73%;7.86%;7.82%;7.89%;7.81%;7.75%;7.51%;7.57%;7.45%;7.48%;7.46%;7.48%;7.52%;7.59%;7.63%;7.71%;7.84%;7.82%;7.75%;7.72%;7.63%;7.59%;7.58%;7.57%;7.58%;7.54%;7.55%;7.68%;7.72%;7.65%;7.68%;7.60%;7.58%;7.50%;7.55%;7.57%;7.58%;7.50%;7.48%;7.51%;7.40%;7.46%;7.47%;7.29%;7.23%;7.31%;7.30%;7.27%;7.21%;7.25%;7.32%;7.35%;7.41%;7.48%;7.56%;7.46%;7.45%;7.40%;7.44%;7.41%;7.43%;7.48%;7.53%;7.60%;7.57%;7.58%;7.53%;7.47%;7.47%;7.51%;7.53%;7.57%;7.55%;7.43%;7.48%;7.46%;7.47%;7.68%;7.65%;7.65%;7.68%;7.72%;7.68%;7.67%;7.61%;7.65%;7.69%;7.63%;7.55%
8.52%;8.55%;8.47%;8.42%;8.46%;8.45%;8.44%;8.45%;8.47%;8.46%;8.45%;8.47%;8.30%;8.34%;8.25%;8.26%;8.21%;8.20%;8.19%;8.19%;8.20%;8.21%;8.24%;8.24%;8.19%;8.21%;8.29%;8.28%;8.39%;8.35%;8.25%;8.15%;8.15%;8.13%;8.13%;8.18%;8.09%;8.06%;8.08%;8.12%;8.02%;7.99%;8.01%;8.00%;7.96%;8.01%;8.00%;8.03%;8.07%;8.09%;8.20%;8.18%;8.15%;8.12%;8.16%;8.25%;8.14%;8.12%;8.15%;8.21%;8.26%;8.28%;8.25%;8.26%;8.22%;8.18%;8.16%;8.20%;8.26%;8.28%;8.26%;8.27%;8.29%;8.28%;8.19%;8.11%;8.09%;8.08%;8.09%;8.06%;8.04%;8.05%;7.95%;7.85%;7.79%;7.74%;7.85%;7.84%;7.67%;7.78%;7.81%;7.77%;7.63%;7.58%;7.47%;7.28%;7.27%;7.29%;7.44%;7.48%;7.39%;7.34%;7.29%;7.28%;7.25%;7.12%;7.10%;7.08%;7.16%;7.05%;7.20%;7.46%;7.68%;7.87%;7.66%;7.65%;7.90%;7.75%;7.79%;7.95%;8.11%;8.00%;7.79%;7.81%;7.86%;8.01%;8.02%;7.97%;7.83%;7.81%;7.76%;7.69%;7.79%;7.78%;7.85%;7.81%;7.81%;7.83%;7.74%;7.72%;7.76%;7.82%;7.71%;7.67%;7.54%;7.56%;7.63%;7.68%;7.62%;7.53%;7.49%;7.55%;7.44%;7.58%;7.61%;7.58%;7.71%;7.81%;7.78%;7.76%;7.71%;7.75%;7.88%;8.00%;7.95%;8.03%;7.93%;7.88%;7.64%;7.70%;7.58%;7.61%;7.59%;7.61%;7.65%;7.71%;7.75%;7.84%;7.97%;7.95%;7.89%;7.85%;7.76%;7.70%;7.69%;7.68%;7.71%;7.67%;7.68%;7.82%;7.85%;7.78%;7.82%;7.74%;7.72%;7.63%;7.68%;7.71%;7.71%;7.62%;7.62%;7.63%;7.52%;7.58%;7.59%;7.41%;7.36%;7.43%;7.42%;7.40%;7.33%;7.36%;7.44%;7.47%;7.53%;7.60%;7.70%;7.59%;7.58%;7.56%;7.57%;7.53%;7.55%;7.60%;7.64%;7.72%;7.69%;7.70%;7.64%;7.59%;7.58%;7.62%;7.65%;7.69%;7.66%;7.55%;7.62%;7.58%;7.58%;7.77%;7.77%;7.77%;7.79%;7.84%;7.81%;7.79%;7.72%;7.78%;7.80%;7.75%;7.67%
8.57%;8.54%;8.50%;8.47%;8.52%;8.48%;8.51%;8.47%;8.49%;8.50%;8.48%;8.52%;8.35%;8.38%;8.29%;8.30%;8.24%;8.26%;8.23%;8.23%;8.25%;8.25%;8.28%;8.25%;8.22%;8.25%;8.31%;8.32%;8.41%;8.38%;8.30%;8.18%;8.18%;8.16%;8.18%;8.18%;8.09%;8.07%;8.10%;8.16%;8.07%;8.03%;8.05%;8.05%;7.98%;8.05%;8.04%;8.06%;8.10%;8.13%;8.24%;8.20%;8.21%;8.16%;8.20%;8.22%;8.19%;8.18%;8.20%;8.25%;8.27%;8.31%;8.29%;8.31%;8.29%;8.24%;8.20%;8.24%;8.32%;8.33%;8.32%;8.31%;8.35%;8.34%;8.24%;8.15%;8.13%;8.13%;8.14%;8.10%;8.07%;8.11%;8.00%;7.89%;7.83%;7.80%;7.89%;7.89%;7.74%;7.85%;7.91%;7.85%;7.70%;7.62%;7.52%;7.33%;7.32%;7.34%;7.50%;7.56%;7.46%;7.40%;7.35%;7.35%;7.31%;7.19%;7.16%;7.17%;7.23%;7.13%;7.29%;7.52%;7.74%;7.95%;7.73%;7.73%;7.96%;7.81%;7.87%;8.01%;8.18%;8.06%;7.86%;7.87%;7.94%;8.07%;8.09%;8.05%;7.91%;7.88%;7.84%;7.77%;7.89%;7.88%;7.94%;7.88%;7.89%;7.93%;7.81%;7.82%;7.83%;7.89%;7.79%;7.75%;7.62%;7.64%;7.70%;7.73%;7.70%;7.60%;7.56%;7.62%;7.53%;7.69%;7.64%;7.67%;7.80%;7.90%;7.86%;7.84%;7.80%;7.82%;7.97%;8.09%;8.02%;8.11%;8.01%;7.96%;7.72%;7.78%;7.66%;7.69%;7.67%;7.69%;7.73%;7.79%;7.83%;7.92%;8.05%;8.03%;7.96%;7.93%;7.84%;7.78%;7.77%;7.78%;7.80%;7.75%;7.77%;7.90%;7.93%;7.86%;7.90%;7.82%;7.80%;7.72%;7.77%;7.79%;7.79%;7.70%;7.70%;7.72%;7.60%;7.66%;7.67%;7.49%;7.46%;7.51%;7.50%;7.48%;7.40%;7.43%;7.51%;7.55%;7.61%;7.69%;7.77%;7.67%;7.65%;7.63%;7.65%;7.62%;7.62%;7.66%;7.71%;7.79%;7.75%;7.78%;7.72%;7.68%;7.66%;7.70%;7.73%;7.78%;7.74%;7.63%;7.68%;7.65%;7.66%;7.86%;7.86%;7.85%;7.87%;7.92%;7.89%;7.87%;7.81%;7.87%;7.89%;7.83%;7.75%
8.56%;8.56%;8.46%;8.49%;8.56%;8.49%;8.48%;8.43%;8.51%;8.49%;8.51%;8.49%;8.37%;8.39%;8.33%;8.28%;8.24%;8.25%;8.22%;8.23%;8.23%;8.25%;8.32%;8.23%;8.22%;8.17%;8.32%;8.34%;8.42%;8.37%;8.28%;8.17%;8.11%;8.15%;8.11%;8.16%;8.12%;8.10%;8.08%;8.14%;8.04%;8.02%;8.02%;8.03%;7.99%;8.01%;8.03%;8.05%;8.10%;8.19%;8.24%;8.19%;8.17%;8.12%;8.19%;8.23%;8.23%;8.13%;8.18%;8.20%;8.23%;8.27%;8.29%;8.29%;8.25%;8.20%;8.16%;8.26%;8.31%;8.32%;8.29%;8.29%;8.32%;8.35%;8.20%;8.14%;8.08%;8.11%;8.10%;8.06%;8.07%;8.07%;7.95%;7.84%;7.84%;7.77%;7.81%;7.82%;7.70%;7.78%;7.82%;7.83%;7.66%;7.66%;7.49%;7.43%;7.28%;7.36%;7.51%;7.54%;7.45%;7.41%;7.39%;7.36%;7.28%;7.27%;7.15%;7.13%;7.28%;7.14%;7.29%;7.54%;7.80%;7.90%;7.72%;7.75%;7.92%;7.84%;7.85%;8.03%;8.15%;8.01%;7.88%;7.85%;7.93%;8.06%;8.12%;8.10%;7.93%;7.90%;7.90%;7.84%;7.88%;7.86%;7.92%;7.91%;7.92%;8.01%;7.86%;7.78%;7.89%;7.90%;7.81%;7.80%;7.69%;7.68%;7.73%;7.82%;7.75%;7.66%;7.62%;7.63%;7.54%;7.68%;7.75%;7.79%;7.78%;7.94%;7.89%;7.87%;7.84%;7.92%;8.04%;8.14%;8.07%;8.22%;8.06%;8.00%;7.80%;7.78%;7.67%;7.73%;7.74%;7.76%;7.70%;7.84%;7.88%;7.97%;8.08%;8.03%;7.98%;7.96%;7.88%;7.86%;7.84%;7.83%;7.79%;7.77%;7.81%;7.94%;7.96%;7.93%;7.93%;7.83%;7.84%;7.75%;7.87%;7.88%;7.82%;7.74%;7.71%;7.75%;7.68%;7.67%;7.72%;7.53%;7.49%;7.56%;7.52%;7.54%;7.43%;7.48%;7.55%;7.55%;7.61%;7.69%;7.73%;7.67%;7.70%;7.61%;7.69%;7.64%;7.61%;7.72%;7.76%;7.82%;7.80%;7.82%;7.79%;7.75%;7.75%;7.78%;7.79%;7.83%;7.80%;7.70%;7.70%;7.70%;7.69%;7.90%;7.89%;7.92%;7.91%;8.00%;7.92%;7.82%;7.83%;7.88%;7.91%;7.85%;7.78%
8.55%;8.50%;8.52%;8.46%;8.48%;8.47%;8.44%;8.45%;8.48%;8.44%;8.48%;8.44%;8.35%;8.42%;8.30%;8.26%;8.21%;8.23%;8.20%;8.21%;8.22%;8.16%;8.25%;8.22%;8.17%;8.20%;8.27%;8.24%;8.37%;8.35%;8.27%;8.15%;8.14%;8.14%;8.08%;8.18%;8.11%;8.05%;8.10%;8.12%;8.02%;8.01%;8.00%;8.01%;7.97%;7.97%;7.97%;8.06%;8.08%;8.15%;8.20%;8.19%;8.19%;8.12%;8.17%;8.26%;8.12%;8.13%;8.17%;8.24%;8.21%;8.30%;8.24%;8.28%;8.26%;8.20%;8.13%;8.21%;8.27%;8.30%;8.27%;8.31%;8.30%;8.29%;8.20%;8.13%;8.06%;8.10%;8.10%;8.07%;8.07%;8.07%;7.98%;7.89%;7.87%;7.78%;7.89%;7.90%;7.74%;7.80%;7.93%;7.87%;7.70%;7.63%;7.46%;7.38%;7.32%;7.38%;7.47%;7.55%;7.43%;7.41%;7.37%;7.38%;7.29%;7.24%;7.15%;7.12%;7.28%;7.17%;7.28%;7.54%;7.77%;7.96%;7.69%;7.75%;7.97%;7.80%;7.87%;8.06%;8.15%;8.08%;7.85%;7.85%;7.97%;8.06%;8.10%;8.08%;7.92%;7.95%;7.91%;7.77%;7.93%;7.90%;7.98%;7.90%;7.97%;7.95%;7.84%;7.89%;7.88%;7.95%;7.85%;7.82%;7.66%;7.66%;7.72%;7.78%;7.74%;7.66%;7.63%;7.63%;7.62%;7.78%;7.69%;7.74%;7.89%;7.97%;7.93%;7.95%;7.89%;7.92%;8.07%;8.16%;8.06%;8.17%;8.09%;8.01%;7.77%;7.84%;7.70%;7.71%;7.74%;7.76%;7.83%;7.81%;7.90%;8.03%;8.12%;8.05%;7.99%;7.97%;7.89%;7.79%;7.79%;7.86%;7.80%;7.80%;7.83%;7.92%;7.99%;7.89%;7.95%;7.84%;7.87%;7.76%;7.84%;7.83%;7.87%;7.78%;7.72%;7.79%;7.68%;7.69%;7.73%;7.53%;7.49%;7.58%;7.53%;7.47%;7.46%;7.48%;7.56%;7.59%;7.64%;7.76%;7.79%;7.70%;7.72%;7.66%;7.72%;7.66%;7.64%;7.70%;7.78%;7.86%;7.80%;7.83%;7.78%;7.75%;7.75%;7.74%;7.76%;7.81%;7.79%;7.71%;7.75%;7.69%;7.75%;7.94%;7.92%;7.87%;7.88%;7.98%;7.97%;7.92%;7.86%;7.94%;7.93%;7.91%;7.86%
8.52%;8.49%;8.42%;8.44%;8.52%;8.45%;8.44%;8.39%;8.49%;8.45%;8.46%;8.43%;8.33%;8.34%;8.28%;8.23%;8.20%;8.20%;8.17%;8.18%;8.20%;8.14%;8.27%;8.18%;8.18%;8.19%;8.29%;8.32%;8.37%;8.35%;8.26%;8.12%;8.08%;8.14%;8.08%;8.11%;8.09%;8.05%;8.03%;8.09%;8.00%;8.03%;7.96%;7.98%;7.97%;7.99%;7.97%;8.04%;8.05%;8.13%;8.18%;8.14%;8.12%;8.06%;8.17%;8.17%;8.15%;8.08%;8.09%;8.12%;8.12%;8.19%;8.31%;8.30%;8.17%;8.14%;8.11%;8.25%;8.23%;8.27%;8.30%;8.22%;8.38%;8.27%;8.21%;8.11%;8.03%;8.05%;8.04%;7.99%;8.01%;8.03%;7.90%;7.89%;7.82%;7.76%;7.78%;7.79%;7.67%;7.74%;7.80%;7.81%;7.64%;7.64%;7.48%;7.42%;7.28%;7.35%;7.49%;7.53%;7.44%;7.40%;7.38%;7.35%;7.28%;7.26%;7.13%;7.11%;7.27%;7.13%;7.28%;7.53%;7.78%;7.87%;7.70%;7.73%;7.90%;7.82%;7.81%;7.99%;8.13%;7.99%;7.86%;7.83%;7.92%;8.06%;8.12%;8.10%;7.93%;7.92%;7.91%;7.85%;7.89%;7.86%;7.92%;7.92%;7.92%;8.02%;7.87%;7.78%;7.93%;7.94%;7.86%;7.84%;7.73%;7.72%;7.78%;7.86%;7.82%;7.75%;7.70%;7.71%;7.65%;7.78%;7.87%;7.90%;7.88%;8.05%;7.99%;7.98%;7.90%;7.98%;8.10%;8.16%;8.10%;8.22%;8.05%;8.00%;7.79%;7.79%;7.69%;7.75%;7.79%;7.84%;7.75%;7.90%;7.94%;8.03%;8.13%;8.08%;8.04%;8.02%;7.93%;7.94%;7.91%;7.89%;7.81%;7.79%;7.87%;8.00%;8.01%;7.98%;7.98%;7.79%;7.88%;7.80%;7.92%;7.87%;7.87%;7.79%;7.77%;7.81%;7.73%;7.73%;7.79%;7.62%;7.56%;7.62%;7.59%;7.61%;7.48%;7.54%;7.61%;7.61%;7.68%;7.72%;7.78%;7.74%;7.76%;7.64%;7.74%;7.69%;7.66%;7.76%;7.79%;7.85%;7.85%;7.87%;7.84%;7.80%;7.80%;7.84%;7.84%;7.88%;7.85%;7.75%;7.74%;7.74%;7.72%;7.93%;7.94%;7.95%;7.95%;8.04%;7.95%;7.85%;7.83%;7.88%;7.91%;7.84%;7.77%
8.52%;8.49%;8.39%;8.41%;8.51%;8.42%;8.41%;8.36%;8.46%;8.41%;8.43%;8.43%;8.31%;8.32%;8.26%;8.18%;8.21%;8.18%;8.15%;8.16%;8.19%;8.15%;8.25%;8.16%;8.16%;8.20%;8.23%;8.26%;8.35%;8.33%;8.25%;8.11%;8.09%;8.19%;8.03%;8.08%;8.03%;8.04%;8.00%;8.06%;8.02%;8.04%;7.92%;7.95%;7.96%;7.98%;7.95%;8.05%;8.02%;8.10%;8.15%;8.11%;8.09%;8.04%;8.11%;8.14%;8.13%;8.08%;8.22%;8.10%;8.10%;8.16%;8.33%;8.32%;8.14%;8.11%;8.08%;8.28%;8.20%;8.23%;8.33%;8.19%;8.40%;8.24%;8.24%;8.07%;8.00%;8.02%;8.01%;7.96%;7.98%;8.10%;7.86%;7.91%;7.78%;7.71%;7.73%;7.75%;7.62%;7.70%;7.75%;7.76%;7.59%;7.59%;7.43%;7.37%;7.24%;7.31%;7.47%;7.49%;7.40%;7.36%;7.34%;7.31%;7.24%;7.22%;7.11%;7.09%;7.23%;7.09%;7.24%;7.49%;7.73%;7.82%;7.64%;7.68%;7.85%;7.76%;7.76%;7.94%;8.09%;7.95%;7.83%;7.79%;7.89%;8.02%;8.07%;8.05%;7.89%;7.91%;7.91%;7.85%;7.89%;7.86%;7.92%;7.92%;7.92%;8.02%;7.87%;7.78%;7.93%;7.94%;7.86%;7.84%;7.73%;7.72%;7.78%;7.86%;7.82%;7.73%;7.68%;7.69%;7.63%;7.76%;7.85%;7.88%;7.86%;8.03%;7.98%;7.96%;7.88%;7.96%;8.08%;8.14%;8.08%;8.20%;8.04%;7.98%;7.78%;7.79%;7.69%;7.75%;7.79%;7.84%;7.76%;7.90%;7.94%;8.03%;8.13%;8.08%;8.04%;8.02%;7.93%;7.94%;7.91%;7.89%;7.82%;7.79%;7.85%;7.98%;8.01%;7.98%;7.98%;7.78%;7.88%;7.80%;7.91%;7.86%;7.87%;7.79%;7.76%;7.80%;7.73%;7.73%;7.79%;7.62%;7.56%;7.62%;7.59%;7.61%;7.47%;7.53%;7.60%;7.60%;7.67%;7.71%;7.77%;7.73%;7.75%;7.63%;7.72%;7.68%;7.65%;7.74%;7.78%;7.83%;7.84%;7.86%;7.82%;7.78%;7.79%;7.82%;7.83%;7.87%;7.84%;7.73%;7.73%;7.72%;7.70%;7.91%;7.93%;7.94%;7.93%;8.02%;7.94%;7.84%;7.85%;7.90%;7.93%;7.87%;7.79%
8.45%;8.41%;8.44%;8.36%;8.35%;8.35%;8.36%;8.36%;8.39%;8.40%;8.37%;8.37%;8.23%;8.25%;8.22%;8.17%;8.13%;8.14%;8.13%;8.07%;8.10%;8.08%;8.16%;8.12%;8.14%;8.13%;8.20%;8.16%;8.31%;8.23%;8.18%;8.04%;8.03%;8.04%;8.04%;8.05%;8.01%;7.96%;8.01%;8.08%;7.96%;7.92%;7.93%;7.95%;7.91%;7.88%;7.90%;7.93%;7.94%;8.06%;8.09%;8.08%;8.02%;8.02%;8.06%;8.06%;8.06%;8.03%;8.06%;8.11%;8.17%;8.19%;8.15%;8.14%;8.13%;8.09%;8.05%;8.11%;8.16%;8.16%;8.11%;8.18%;8.20%;8.13%;8.04%;8.00%;8.05%;8.00%;7.98%;7.98%;7.94%;7.91%;7.85%;7.74%;7.71%;7.63%;7.80%;7.79%;7.62%;7.74%;7.83%;7.76%;7.61%;7.53%;7.36%;7.24%;7.24%;7.18%;7.37%;7.46%;7.34%;7.29%;7.26%;7.28%;7.24%;7.11%;7.14%;7.10%;7.19%;7.04%;7.25%;7.41%;7.69%;7.85%;7.62%;7.63%;7.84%;7.73%;7.75%;7.94%;8.03%;7.98%;7.77%;7.80%;7.85%;8.04%;7.97%;7.96%;7.82%;7.85%;7.91%;7.78%;7.89%;7.91%;7.97%;7.87%;7.90%;7.93%;7.78%;7.82%;7.86%;7.90%;7.78%;7.77%;7.64%;7.65%;7.73%;7.72%;7.73%;7.57%;7.62%;7.66%;7.54%;7.75%;7.69%;7.72%;7.92%;7.98%;7.93%;7.96%;7.87%;7.94%;8.02%;8.17%;8.07%;8.11%;8.09%;8.02%;7.80%;7.83%;7.69%;7.70%;7.74%;7.74%;7.82%;7.83%;7.90%;7.98%;8.11%;8.02%;8.00%;7.99%;7.88%;7.81%;7.78%;7.79%;7.83%;7.77%;7.78%;7.91%;7.90%;7.88%;7.92%;7.88%;7.87%;7.78%;7.82%;7.88%;7.89%;7.71%;7.77%;7.76%;7.68%;7.69%;7.69%;7.51%;7.50%;7.56%;7.53%;7.53%;7.47%;7.48%;7.55%;7.61%;7.66%;7.74%;7.78%;7.73%;7.70%;7.67%;7.69%;7.68%;7.65%;7.70%;7.76%;7.83%;7.78%;7.82%;7.77%;7.70%;7.74%;7.73%;7.77%;7.81%;7.79%;7.67%;7.72%;7.69%;7.71%;7.95%;7.90%;7.87%;7.88%;7.95%;7.93%;7.93%;7.87%;7.88%;7.94%;7.89%;7.80%
8.47%;8.44%;8.32%;8.34%;8.34%;8.37%;8.34%;8.34%;8.37%;8.35%;8.37%;8.36%;8.25%;8.26%;8.20%;8.15%;8.11%;8.12%;8.09%;8.11%;8.10%;8.11%;8.19%;8.10%;8.09%;8.08%;8.21%;8.18%;8.28%;8.25%;8.16%;8.03%;8.05%;8.00%;8.02%;8.02%;7.97%;7.94%;7.93%;7.99%;7.90%;7.88%;7.89%;7.89%;7.84%;7.88%;7.88%;7.92%;7.95%;7.97%;8.06%;8.03%;8.01%;7.96%;8.03%;8.09%;7.99%;7.98%;8.01%;8.08%;8.08%;8.13%;8.09%;8.09%;8.06%;8.03%;7.99%;8.02%;8.10%;8.14%;8.10%;8.10%;8.16%;8.13%;8.02%;7.94%;7.91%;7.92%;7.91%;7.87%;7.89%;7.89%;7.78%;7.65%;7.65%;7.64%;7.73%;7.71%;7.54%;7.66%;7.70%;7.66%;7.55%;7.49%;7.35%;7.23%;7.19%;7.18%;7.32%;7.38%;7.26%;7.24%;7.22%;7.25%;7.17%;7.06%;7.03%;7.00%;7.14%;7.23%;7.16%;7.41%;7.61%;7.77%;7.57%;7.57%;7.75%;7.64%;7.71%;7.86%;8.00%;7.87%;7.71%;7.70%;7.78%;7.93%;7.94%;7.96%;7.79%;7.83%;7.88%;7.77%;7.90%;7.88%;7.94%;7.87%;7.90%;7.90%;7.78%;7.77%;7.84%;7.81%;7.78%;7.74%;7.62%;7.62%;7.70%;7.75%;7.71%;7.64%;7.58%;7.63%;7.58%;7.46%;7.75%;7.69%;7.61%;7.98%;8.01%;7.95%;7.87%;7.91%;8.04%;8.08%;8.05%;7.95%;7.99%;8.00%;7.76%;7.73%;7.67%;7.69%;7.69%;7.66%;7.79%;7.81%;7.89%;7.97%;8.13%;8.00%;7.98%;7.97%;7.86%;7.80%;7.77%;7.78%;7.81%;7.76%;7.76%;7.90%;7.88%;7.87%;7.91%;7.86%;7.81%;7.76%;7.83%;7.82%;7.81%;7.73%;7.71%;7.74%;7.68%;7.68%;7.68%;7.51%;7.49%;7.44%;7.52%;7.44%;7.45%;7.47%;7.54%;7.59%;7.64%;7.72%;7.77%;7.67%;7.62%;7.64%;7.72%;7.67%;7.65%;7.69%;7.72%;7.79%;7.78%;7.81%;7.76%;7.70%;7.73%;7.72%;7.75%;7.79%;7.78%;7.70%;7.70%;7.69%;7.70%;7.93%;7.90%;7.87%;7.87%;7.96%;7.94%;7.92%;7.85%;7.87%;7.93%;7.88%;7.81%
8.43%;8.40%;8.29%;8.32%;8.31%;8.33%;8.31%;8.30%;8.35%;8.30%;8.33%;8.31%;8.20%;8.23%;8.16%;8.12%;8.07%;8.08%;8.05%;8.07%;8.06%;8.07%;8.15%;8.06%;8.05%;8.04%;8.17%;8.14%;8.24%;8.21%;8.12%;7.99%;8.01%;7.97%;7.98%;7.98%;7.93%;7.90%;7.88%;7.95%;7.86%;7.84%;7.85%;7.85%;7.80%;7.83%;7.83%;7.88%;7.90%;7.92%;8.01%;7.98%;7.96%;7.91%;7.97%;8.04%;7.94%;7.93%;7.96%;8.02%;8.03%;8.08%;8.03%;8.04%;8.00%;7.97%;7.93%;7.97%;8.04%;8.08%;8.04%;8.05%;8.10%;8.08%;7.96%;7.89%;7.85%;7.86%;7.84%;7.80%;7.83%;7.83%;7.73%;7.61%;7.59%;7.58%;7.67%;7.64%;7.48%;7.60%;7.64%;7.59%;7.47%;7.43%;7.30%;7.18%;7.14%;7.11%;7.27%;7.33%;7.21%;7.19%;7.15%;7.19%;7.12%;7.01%;6.96%;6.95%;7.07%;7.16%;7.10%;7.35%;7.54%;7.72%;7.52%;7.51%;7.70%;7.59%;7.66%;7.81%;7.94%;7.82%;7.65%;7.64%;7.72%;7.86%;7.88%;7.89%;7.74%;7.80%;7.85%;7.74%;7.87%;7.85%;7.92%;7.84%;7.88%;7.88%;7.76%;7.75%;7.81%;7.78%;7.75%;7.71%;7.59%;7.59%;7.67%;7.72%;7.68%;7.60%;7.56%;7.60%;7.55%;7.44%;7.72%;7.67%;7.59%;7.96%;7.98%;7.93%;7.85%;7.88%;8.01%;8.06%;8.02%;7.93%;7.97%;7.98%;7.73%;7.71%;7.65%;7.67%;7.67%;7.64%;7.77%;7.79%;7.86%;7.95%;8.11%;7.98%;7.96%;7.95%;7.84%;7.78%;7.75%;7.76%;7.79%;7.75%;7.75%;7.89%;7.87%;7.87%;7.90%;7.85%;7.80%;7.75%;7.82%;7.81%;7.80%;7.72%;7.70%;7.73%;7.67%;7.67%;7.67%;7.51%;7.48%;7.43%;7.51%;7.44%;7.44%;7.47%;7.53%;7.58%;7.63%;7.71%;7.76%;7.67%;7.61%;7.63%;7.70%;7.66%;7.64%;7.68%;7.72%;7.78%;7.78%;7.80%;7.75%;7.70%;7.72%;7.72%;7.75%;7.79%;7.77%;7.69%;7.69%;7.68%;7.69%;7.93%;7.90%;7.86%;7.86%;7.95%;7.93%;7.91%;7.84%;7.86%;7.92%;7.88%;7.80%
8.39%;8.36%;8.26%;8.29%;8.29%;8.29%;8.27%;8.26%;8.31%;8.26%;8.29%;8.28%;8.16%;8.20%;8.13%;8.09%;8.03%;8.04%;8.02%;8.03%;8.02%;8.04%;8.11%;8.02%;8.01%;8.00%;8.13%;8.10%;8.19%;8.17%;8.09%;7.95%;7.97%;7.93%;7.94%;7.94%;7.89%;7.86%;7.84%;7.91%;7.81%;7.80%;7.81%;7.81%;7.76%;7.78%;7.79%;7.83%;7.86%;7.87%;7.96%;7.93%;7.91%;7.86%;7.92%;7.99%;7.89%;7.88%;7.91%;7.97%;7.98%;8.02%;7.98%;7.99%;7.94%;7.92%;7.88%;7.92%;7.99%;8.02%;7.99%;7.99%;8.05%;8.03%;7.91%;7.84%;7.80%;7.81%;7.79%;7.75%;7.77%;7.77%;7.68%;7.56%;7.52%;7.51%;7.61%;7.58%;7.43%;7.55%;7.58%;7.52%;7.41%;7.36%;7.24%;7.13%;7.09%;7.06%;7.22%;7.27%;7.15%;7.14%;7.10%;7.14%;7.07%;6.96%;6.91%;6.90%;7.02%;7.10%;7.04%;7.30%;7.48%;7.66%;7.46%;7.46%;7.65%;7.54%;7.61%;7.76%;7.89%;7.77%;7.60%;7.59%;7.67%;7.81%;7.83%;7.82%;7.69%;7.78%;7.83%;7.71%;7.84%;7.83%;7.89%;7.82%;7.85%;7.85%;7.74%;7.73%;7.79%;7.76%;7.72%;7.68%;7.57%;7.57%;7.64%;7.70%;7.66%;7.57%;7.53%;7.57%;7.52%;7.42%;7.69%;7.65%;7.58%;7.94%;7.96%;7.91%;7.83%;7.85%;7.99%;8.03%;8.00%;7.91%;7.95%;7.96%;7.71%;7.69%;7.63%;7.65%;7.65%;7.63%;7.75%;7.78%;7.84%;7.93%;8.09%;7.96%;7.94%;7.93%;7.82%;7.77%;7.74%;7.75%;7.76%;7.75%;7.75%;7.88%;7.87%;7.86%;7.90%;7.84%;7.80%;7.74%;7.81%;7.80%;7.79%;7.71%;7.69%;7.72%;7.66%;7.66%;7.67%;7.51%;7.47%;7.43%;7.51%;7.44%;7.43%;7.46%;7.52%;7.57%;7.62%;7.70%;7.75%;7.67%;7.60%;7.62%;7.69%;7.65%;7.63%;7.67%;7.72%;7.78%;7.77%;7.79%;7.75%;7.70%;7.72%;7.71%;7.75%;7.78%;7.76%;7.68%;7.69%;7.67%;7.69%;7.92%;7.89%;7.85%;7.86%;7.95%;7.93%;7.91%;7.84%;7.86%;7.91%;7.87%;7.80%
8.34%;8.32%;8.22%;8.25%;8.26%;8.25%;8.22%;8.21%;8.27%;8.22%;8.26%;8.24%;8.12%;8.16%;8.10%;8.05%;8.00%;8.01%;7.98%;8.00%;7.99%;8.00%;8.08%;7.99%;7.97%;7.96%;8.08%;8.06%;8.15%;8.13%;8.05%;7.92%;7.93%;7.89%;7.90%;7.90%;7.85%;7.82%;7.80%;7.87%;7.77%;7.76%;7.77%;7.76%;7.71%;7.74%;7.75%;7.79%;7.81%;7.82%;7.91%;7.88%;7.86%;7.81%;7.87%;7.93%;7.83%;7.82%;7.86%;7.91%;7.92%;7.97%;7.93%;7.93%;7.88%;7.86%;7.83%;7.87%;7.94%;7.97%;7.93%;7.93%;7.99%;7.98%;7.86%;7.78%;7.74%;7.75%;7.73%;7.69%;7.72%;7.71%;7.61%;7.50%;7.46%;7.44%;7.55%;7.52%;7.37%;7.49%;7.53%;7.46%;7.36%;7.29%;7.17%;7.08%;7.04%;7.02%;7.17%;7.22%;7.08%;7.09%;7.04%;7.09%;7.01%;6.91%;6.86%;6.85%;6.97%;7.05%;6.99%;7.25%;7.43%;7.61%;7.41%;7.41%;7.60%;7.49%;7.55%;7.70%;7.84%;7.72%;7.54%;7.54%;7.61%;7.75%;7.78%;7.76%;7.64%;7.75%;7.80%;7.68%;7.82%;7.81%;7.87%;7.79%;7.82%;7.83%;7.72%;7.70%;7.76%;7.74%;7.69%;7.65%;7.55%;7.55%;7.62%;7.67%;7.63%;7.54%;7.51%;7.54%;7.50%;7.40%;7.66%;7.63%;7.56%;7.91%;7.94%;7.89%;7.81%;7.83%;7.97%;8.00%;7.97%;7.89%;7.94%;7.94%;7.70%;7.67%;7.60%;7.63%;7.63%;7.61%;7.73%;7.76%;7.82%;7.91%;8.08%;7.95%;7.92%;7.91%;7.80%;7.76%;7.73%;7.74%;7.74%;7.74%;7.74%;7.87%;7.87%;7.86%;7.91%;7.84%;7.79%;7.73%;7.81%;7.79%;7.78%;7.70%;7.69%;7.71%;7.66%;7.66%;7.67%;7.51%;7.47%;7.42%;7.50%;7.44%;7.42%;7.45%;7.52%;7.56%;7.61%;7.69%;7.74%;7.66%;7.59%;7.61%;7.68%;7.64%;7.62%;7.66%;7.72%;7.77%;7.77%;7.78%;7.75%;7.69%;7.71%;7.70%;7.74%;7.78%;7.76%;7.68%;7.68%;7.67%;7.68%;7.91%;7.88%;7.84%;7.85%;7.94%;7.92%;7.90%;7.83%;7.86%;7.90%;7.87%;7.79%
8.25%;8.21%;8.28%;8.11%;8.12%;8.11%;8.15%;8.15%;8.16%;8.16%;8.19%;8.13%;8.06%;8.06%;7.97%;7.99%;7.94%;7.91%;7.89%;7.87%;7.92%;7.88%;8.04%;7.95%;7.96%;7.95%;8.01%;7.96%;8.12%;8.04%;7.99%;7.85%;7.79%;7.87%;7.85%;7.87%;7.83%;7.79%;7.83%;7.83%;7.74%;7.75%;7.76%;7.77%;7.71%;7.68%;7.70%;7.70%;7.71%;7.82%;7.84%;7.82%;7.77%;7.78%;7.81%;7.80%;7.83%;7.79%;7.81%;7.84%;7.87%;7.88%;7.88%;7.81%;7.81%;7.72%;7.77%;7.82%;7.85%;7.83%;7.78%;7.88%;7.88%;7.81%;7.73%;7.74%;7.87%;7.74%;7.73%;7.74%;7.68%;7.66%;7.62%;7.52%;7.47%;7.39%;7.56%;7.56%;7.36%;7.50%;7.60%;7.40%;7.30%;7.22%;7.10%;7.00%;6.94%;6.89%;7.07%;7.10%;7.01%;7.06%;7.00%;7.02%;6.96%;6.85%;6.80%;6.85%;6.93%;6.74%;7.00%;7.19%;7.45%;7.57%;7.35%;7.37%;7.61%;7.47%;7.51%;7.66%;7.79%;7.67%;7.48%;7.53%;7.56%;7.70%;7.78%;7.70%;7.59%;7.72%;7.63%;7.65%;7.73%;7.78%;7.84%;7.75%;7.79%;7.81%;7.63%;7.76%;7.74%;7.79%;7.70%;7.63%;7.53%;7.53%;7.59%;7.59%;7.61%;7.45%;7.49%;7.51%;7.42%;7.75%;7.64%;7.61%;7.93%;7.82%;7.81%;7.84%;7.79%;7.81%;7.95%;8.07%;8.04%;8.00%;7.92%;7.91%;7.69%;7.68%;7.58%;7.61%;7.66%;7.65%;7.71%;7.74%;7.83%;7.90%;8.02%;7.93%;7.91%;7.89%;7.78%;7.77%;7.72%;7.73%;7.79%;7.74%;7.73%;7.87%;7.88%;7.86%;7.91%;7.85%;7.79%;7.73%;7.80%;7.85%;7.78%;7.69%;7.68%;7.70%;7.63%;7.56%;7.66%;7.51%;7.46%;7.52%;7.50%;7.38%;7.42%;7.44%;7.51%;7.54%;7.60%;7.64%;7.73%;7.65%;7.58%;7.63%;7.59%;7.63%;7.61%;7.65%;7.72%;7.76%;7.72%;7.77%;7.71%;7.69%;7.63%;7.69%;7.74%;7.78%;7.75%;7.67%;7.68%;7.66%;7.68%;7.91%;7.88%;7.84%;7.85%;7.90%;7.83%;7.89%;7.83%;7.85%;7.86%;7.79%;7.72%
8.21%;8.22%;8.10%;8.13%;8.16%;8.15%;8.10%;8.08%;8.16%;8.11%;8.13%;8.14%;7.97%;8.06%;8.00%;7.95%;7.91%;7.92%;7.90%;7.92%;7.88%;7.90%;7.97%;7.88%;7.83%;7.82%;7.97%;7.96%;8.01%;8.06%;7.96%;7.85%;7.86%;7.74%;7.77%;7.79%;7.74%;7.72%;7.70%;7.74%;7.66%;7.65%;7.61%;7.62%;7.56%;7.58%;7.62%;7.66%;7.63%;7.72%;7.79%;7.78%;7.77%;7.68%;7.77%;7.82%;7.72%;7.71%;7.75%;7.81%;7.81%;7.85%;7.82%;7.83%;7.78%;7.74%;7.71%;7.76%;7.82%;7.88%;7.83%;7.81%;7.88%;7.88%;7.75%;7.66%;7.61%;7.61%;7.57%;7.54%;7.59%;7.60%;7.49%;7.39%;7.35%;7.31%;7.41%;7.40%;7.25%;7.37%;7.39%;7.32%;7.24%;7.18%;7.06%;6.98%;6.92%;6.94%;7.06%;7.11%;6.94%;6.95%;6.88%;6.98%;6.90%;6.80%;6.76%;6.75%;6.86%;6.95%;6.86%;7.12%;7.33%;7.51%;7.28%;7.31%;7.48%;7.39%;7.43%;7.60%;7.74%;7.62%;7.44%;7.42%;7.52%;7.64%;7.66%;7.63%;7.53%;7.70%;7.76%;7.63%;7.76%;7.75%;7.80%;7.75%;7.81%;7.79%;7.67%;7.65%;7.75%;7.72%;7.66%;7.60%;7.50%;7.49%;7.55%;7.65%;7.60%;7.48%;7.48%;7.46%;7.42%;7.30%;7.57%;7.59%;7.50%;7.83%;7.86%;7.85%;7.77%;7.78%;7.91%;7.95%;7.93%;7.85%;7.95%;7.92%;7.66%;7.64%;7.59%;7.60%;7.60%;7.58%;7.68%;7.71%;7.77%;7.87%;8.03%;7.92%;7.88%;7.88%;7.75%;7.71%;7.69%;7.66%;7.69%;7.67%;7.69%;7.86%;7.85%;7.85%;7.89%;7.82%;7.76%;7.73%;7.77%;7.77%;7.78%;7.66%;7.68%;7.68%;7.62%;7.68%;7.68%;7.51%;7.47%;7.42%;7.52%;7.45%;7.37%;7.48%;7.52%;7.54%;7.59%;7.67%;7.73%;7.64%;7.56%;7.61%;7.62%;7.61%;7.58%;7.65%;7.72%;7.76%;7.74%;7.80%;7.77%;7.74%;7.70%;7.72%;7.76%;7.79%;7.76%;7.68%;7.70%;7.70%;7.69%;7.90%;7.84%;7.85%;7.86%;7.95%;7.92%;7.88%;7.85%;7.86%;7.91%;7.88%;7.79%
8.13%;8.16%;8.04%;8.07%;8.10%;8.09%;8.04%;8.02%;8.09%;8.05%;8.07%;8.08%;7.91%;8.00%;7.94%;7.88%;7.84%;7.85%;7.84%;7.85%;7.83%;7.84%;7.91%;7.82%;7.77%;7.77%;7.89%;7.90%;7.96%;8.00%;7.90%;7.79%;7.80%;7.68%;7.72%;7.73%;7.68%;7.66%;7.64%;7.68%;7.61%;7.59%;7.54%;7.57%;7.51%;7.53%;7.57%;7.60%;7.58%;7.67%;7.74%;7.72%;7.71%;7.63%;7.71%;7.76%;7.67%;7.66%;7.69%;7.75%;7.76%;7.80%;7.76%;7.77%;7.73%;7.69%;7.66%;7.71%;7.76%;7.82%;7.78%;7.77%;7.83%;7.82%;7.69%;7.61%;7.57%;7.56%;7.53%;7.49%;7.54%;7.56%;7.45%;7.35%;7.30%;7.27%;7.36%;7.36%;7.20%;7.33%;7.33%;7.27%;7.17%;7.14%;7.01%;6.92%;6.87%;6.90%;7.00%;7.05%;6.91%;6.89%;6.83%;6.94%;6.85%;6.76%;6.71%;6.71%;6.81%;6.89%;6.81%;7.09%;7.28%;7.46%;7.22%;7.25%;7.44%;7.35%;7.39%;7.56%;7.70%;7.58%;7.41%;7.39%;7.48%;7.58%;7.60%;7.60%;7.48%;7.68%;7.73%;7.62%;7.75%;7.72%;7.78%;7.74%;7.79%;7.77%;7.65%;7.64%;7.73%;7.71%;7.64%;7.58%;7.49%;7.48%;7.54%;7.63%;7.58%;7.47%;7.47%;7.44%;7.40%;7.29%;7.55%;7.57%;7.49%;7.82%;7.85%;7.84%;7.76%;7.77%;7.89%;7.94%;7.91%;7.84%;7.93%;7.91%;7.65%;7.63%;7.58%;7.59%;7.59%;7.57%;7.67%;7.70%;7.76%;7.86%;8.02%;7.90%;7.86%;7.87%;7.74%;7.69%;7.68%;7.65%;7.68%;7.66%;7.68%;7.85%;7.84%;7.84%;7.88%;7.81%;7.75%;7.73%;7.77%;7.77%;7.77%;7.66%;7.68%;7.68%;7.61%;7.67%;7.68%;7.51%;7.46%;7.42%;7.51%;7.44%;7.37%;7.49%;7.54%;7.54%;7.59%;7.69%;7.73%;7.65%;7.56%;7.61%;7.62%;7.61%;7.58%;7.65%;7.71%;7.76%;7.74%;7.81%;7.76%;7.73%;7.70%;7.72%;7.76%;7.79%;7.76%;7.68%;7.70%;7.70%;7.69%;7.90%;7.84%;7.85%;7.86%;7.95%;7.92%;7.88%;7.84%;7.85%;7.91%;7.88%;7.78%
8.04%;8.10%;7.98%;8.01%;8.02%;8.03%;7.98%;7.96%;8.02%;7.98%;8.01%;8.02%;7.86%;7.93%;7.87%;7.82%;7.78%;7.79%;7.78%;7.78%;7.77%;7.78%;7.82%;7.73%;7.71%;7.71%;7.80%;7.81%;7.90%;7.94%;7.82%;7.73%;7.74%;7.62%;7.66%;7.67%;7.62%;7.60%;7.58%;7.62%;7.55%;7.54%;7.48%;7.52%;7.46%;7.47%;7.51%;7.55%;7.53%;7.61%;7.68%;7.67%;7.66%;7.58%;7.66%;7.70%;7.62%;7.60%;7.63%;7.69%;7.70%;7.75%;7.71%;7.72%;7.68%;7.63%;7.61%;7.65%;7.71%;7.76%;7.72%;7.72%;7.78%;7.76%;7.63%;7.55%;7.52%;7.52%;7.49%;7.44%;7.49%;7.50%;7.41%;7.31%;7.25%;7.23%;7.31%;7.31%;7.15%;7.26%;7.27%;7.24%;7.11%;7.11%;6.98%;6.86%;6.80%;6.84%;6.94%;6.99%;6.88%;6.83%;6.77%;6.89%;6.80%;6.72%;6.66%;6.66%;6.76%;6.83%;6.76%;7.05%;7.22%;7.40%;7.17%;7.20%;7.41%;7.31%;7.35%;7.53%;7.66%;7.55%;7.37%;7.35%;7.45%;7.53%;7.54%;7.57%;7.42%;7.66%;7.70%;7.60%;7.73%;7.69%;7.77%;7.72%;7.77%;7.75%;7.63%;7.62%;7.72%;7.69%;7.63%;7.57%;7.47%;7.46%;7.53%;7.61%;7.56%;7.45%;7.45%;7.43%;7.38%;7.28%;7.53%;7.56%;7.48%;7.81%;7.83%;7.83%;7.75%;7.76%;7.88%;7.93%;7.90%;7.83%;7.92%;7.90%;7.64%;7.62%;7.56%;7.58%;7.58%;7.56%;7.65%;7.69%;7.75%;7.85%;8.00%;7.89%;7.85%;7.85%;7.73%;7.68%;7.67%;7.64%;7.68%;7.64%;7.66%;7.85%;7.84%;7.82%;7.88%;7.80%;7.74%;7.72%;7.77%;7.77%;7.77%;7.65%;7.68%;7.68%;7.61%;7.66%;7.67%;7.50%;7.46%;7.42%;7.51%;7.44%;7.39%;7.49%;7.55%;7.56%;7.61%;7.70%;7.75%;7.67%;7.58%;7.61%;7.62%;7.61%;7.58%;7.67%;7.71%;7.76%;7.74%;7.82%;7.75%;7.72%;7.70%;7.72%;7.76%;7.78%;7.76%;7.68%;7.70%;7.69%;7.69%;7.90%;7.84%;7.85%;7.86%;7.95%;7.92%;7.87%;7.83%;7.85%;7.91%;7.87%;7.78%
7.95%;8.03%;7.92%;7.95%;7.93%;7.96%;7.92%;7.90%;7.96%;7.92%;7.95%;7.96%;7.80%;7.86%;7.81%;7.75%;7.71%;7.72%;7.71%;7.70%;7.71%;7.72%;7.73%;7.65%;7.66%;7.65%;7.74%;7.73%;7.84%;7.85%;7.73%;7.64%;7.66%;7.56%;7.60%;7.62%;7.56%;7.55%;7.52%;7.56%;7.50%;7.48%;7.42%;7.46%;7.40%;7.42%;7.46%;7.49%;7.47%;7.55%;7.62%;7.61%;7.60%;7.53%;7.60%;7.64%;7.56%;7.54%;7.57%;7.63%;7.64%;7.70%;7.66%;7.66%;7.63%;7.58%;7.56%;7.60%;7.67%;7.70%;7.66%;7.67%;7.72%;7.70%;7.58%;7.50%;7.46%;7.47%;7.44%;7.38%;7.43%;7.46%;7.37%;7.27%;7.22%;7.20%;7.25%;7.25%;7.09%;7.20%;7.20%;7.20%;7.07%;7.07%;6.94%;6.80%;6.74%;6.78%;6.87%;6.93%;6.86%;6.77%;6.75%;6.83%;6.74%;6.67%;6.61%;6.61%;6.71%;6.78%;6.71%;7.01%;7.16%;7.35%;7.12%;7.14%;7.37%;7.27%;7.32%;7.49%;7.62%;7.51%;7.33%;7.31%;7.41%;7.47%;7.49%;7.53%;7.38%;7.64%;7.66%;7.57%;7.69%;7.66%;7.75%;7.71%;7.75%;7.75%;7.61%;7.61%;7.70%;7.68%;7.61%;7.56%;7.46%;7.45%;7.51%;7.59%;7.54%;7.44%;7.44%;7.42%;7.36%;7.26%;7.51%;7.54%;7.47%;7.80%;7.82%;7.82%;7.74%;7.75%;7.86%;7.93%;7.88%;7.82%;7.91%;7.89%;7.63%;7.61%;7.55%;7.57%;7.57%;7.55%;7.64%;7.68%;7.74%;7.84%;7.98%;7.87%;7.83%;7.84%;7.72%;7.67%;7.66%;7.63%;7.67%;7.63%;7.65%;7.84%;7.83%;7.80%;7.87%;7.80%;7.74%;7.72%;7.77%;7.77%;7.76%;7.65%;7.68%;7.69%;7.60%;7.66%;7.66%;7.50%;7.45%;7.41%;7.50%;7.44%;7.41%;7.49%;7.57%;7.58%;7.62%;7.72%;7.76%;7.68%;7.60%;7.62%;7.63%;7.61%;7.60%;7.69%;7.71%;7.77%;7.75%;7.81%;7.75%;7.72%;7.70%;7.72%;7.76%;7.78%;7.76%;7.68%;7.70%;7.69%;7.69%;7.90%;7.84%;7.85%;7.86%;7.95%;7.92%;7.87%;7.83%;7.84%;7.91%;7.86%;7.77%
7.93%;7.87%;8.02%;7.80%;7.81%;7.76%;7.79%;7.90%;7.84%;7.91%;7.76%;7.79%;7.72%;7.74%;7.59%;7.69%;7.59%;7.60%;7.59%;7.56%;7.65%;7.60%;7.66%;7.62%;7.71%;7.70%;7.74%;7.69%;7.86%;7.76%;7.73%;7.58%;7.51%;7.63%;7.60%;7.61%;7.58%;7.62%;7.64%;7.57%;7.53%;7.50%;7.53%;7.54%;7.51%;7.47%;7.48%;7.48%;7.44%;7.58%;7.59%;7.55%;7.51%;7.54%;7.55%;7.53%;7.58%;7.55%;7.57%;7.57%;7.58%;7.59%;7.62%;7.55%;7.55%;7.60%;7.51%;7.59%;7.62%;7.66%;7.53%;7.64%;7.67%;7.59%;7.52%;7.52%;7.71%;7.56%;7.56%;7.57%;7.48%;7.44%;7.41%;7.34%;7.32%;7.23%;7.41%;7.41%;7.19%;7.32%;7.43%;7.37%;7.23%;7.12%;6.97%;6.79%;6.78%;6.71%;6.91%;7.07%;6.85%;6.88%;6.81%;6.85%;6.84%;6.79%;6.74%;6.72%;6.75%;6.55%;6.85%;7.14%;7.32%;7.39%;7.32%;7.19%;7.44%;7.34%;7.33%;7.53%;7.60%;7.49%;7.35%;7.38%;7.50%;7.48%;7.69%;7.51%;7.49%;7.65%;7.51%;7.52%;7.66%;7.63%;7.72%;7.66%;7.71%;7.71%;7.65%;7.69%;7.63%;7.75%;7.63%;7.62%;7.42%;7.44%;7.50%;7.55%;7.55%;7.37%;7.39%;7.41%;7.34%;7.79%;7.50%;7.49%;7.96%;7.80%;7.68%;7.78%;7.67%;7.71%;7.82%;8.04%;7.96%;8.08%;7.93%;7.80%;7.59%;7.67%;7.51%;7.57%;7.62%;7.59%;7.65%;7.70%;7.79%;7.80%;7.91%;7.89%;7.84%;7.84%;7.74%;7.76%;7.65%;7.71%;7.79%;7.70%;7.69%;7.84%;7.89%;7.80%;7.88%;7.85%;7.82%;7.74%;7.61%;7.86%;7.81%;7.67%;7.68%;7.75%;7.63%;7.54%;7.65%;7.48%;7.45%;7.57%;7.52%;7.54%;7.44%;7.44%;7.53%;7.57%;7.61%;7.69%;7.84%;7.75%;7.70%;7.70%;7.69%;7.61%;7.61%;7.67%;7.71%;7.75%;7.68%;7.77%;7.71%;7.62%;7.61%;7.69%;7.71%;7.76%;7.73%;7.59%;7.73%;7.64%;7.66%;7.90%;7.87%;7.83%;7.83%;7.88%;7.84%;7.87%;7.83%;7.87%;7.88%;7.84%;7.76%
7.74%;7.81%;7.69%;7.73%;7.72%;7.75%;7.72%;7.68%;7.78%;7.73%;7.74%;7.75%;7.59%;7.68%;7.63%;7.57%;7.53%;7.54%;7.51%;7.50%;7.50%;7.51%;7.53%;7.45%;7.45%;7.44%;7.54%;7.52%;7.63%;7.64%;7.52%;7.44%;7.46%;7.37%;7.40%;7.41%;7.37%;7.34%;7.32%;7.37%;7.30%;7.28%;7.22%;7.26%;7.20%;7.25%;7.26%;7.29%;7.28%;7.36%;7.43%;7.44%;7.44%;7.36%;7.41%;7.48%;7.37%;7.36%;7.39%;7.47%;7.45%;7.53%;7.49%;7.50%;7.46%;7.41%;7.40%;7.43%;7.50%;7.53%;7.50%;7.51%;7.55%;7.54%;7.41%;7.33%;7.28%;7.30%;7.27%;7.21%;7.26%;7.28%;7.14%;7.02%;7.02%;7.05%;7.08%;7.08%;6.93%;7.02%;7.02%;6.95%;6.87%;6.76%;6.71%;6.63%;6.58%;6.62%;6.71%;6.76%;6.56%;6.61%;6.54%;6.75%;6.67%;6.56%;6.53%;6.52%;6.63%;6.71%;6.63%;6.90%;7.08%;7.26%;7.03%;7.06%;7.27%;7.18%;7.22%;7.37%;7.50%;7.39%;7.24%;7.22%;7.28%;7.39%;7.39%;7.36%;7.22%;7.54%;7.50%;7.47%;7.56%;7.57%;7.71%;7.67%;7.70%;7.68%;7.56%;7.56%;7.66%;7.63%;7.57%;7.49%;7.42%;7.41%;7.47%;7.54%;7.50%;7.32%;7.40%;7.36%;7.32%;7.19%;7.47%;7.42%;7.31%;7.58%;7.61%;7.57%;7.52%;7.62%;7.73%;7.82%;7.77%;7.70%;7.72%;7.70%;7.53%;7.51%;7.51%;7.48%;7.47%;7.46%;7.59%;7.61%;7.67%;7.75%;7.94%;7.83%;7.74%;7.27%;7.65%;7.49%;7.53%;7.45%;7.52%;7.58%;7.60%;7.81%;7.73%;7.76%;7.81%;7.76%;7.70%;7.68%;7.76%;7.74%;7.67%;7.56%;7.65%;7.65%;7.52%;7.61%;7.61%;7.42%;7.43%;7.38%;7.45%;7.38%;7.35%;7.38%;7.45%;7.52%;7.57%;7.63%;7.70%;7.59%;7.53%;7.58%;7.60%;7.60%;7.57%;7.63%;7.71%;7.74%;7.73%;7.73%;7.70%;7.58%;7.63%;7.64%;7.62%;7.73%;7.66%;7.52%;7.56%;7.53%;7.58%;7.79%;7.76%;7.80%;7.78%;7.87%;7.81%;7.79%;7.74%;7.78%;7.80%;7.78%;7.72%
7.68%;7.74%;7.62%;7.66%;7.66%;7.67%;7.65%;7.62%;7.72%;7.67%;7.68%;7.68%;7.53%;7.62%;7.57%;7.51%;7.47%;7.48%;7.45%;7.44%;7.44%;7.45%;7.48%;7.39%;7.38%;7.38%;7.47%;7.47%;7.56%;7.58%;7.47%;7.38%;7.40%;7.32%;7.34%;7.35%;7.31%;7.28%;7.27%;7.32%;7.23%;7.22%;7.16%;7.20%;7.14%;7.21%;7.20%;7.23%;7.24%;7.31%;7.38%;7.37%;7.39%;7.31%;7.36%;7.43%;7.31%;7.31%;7.34%;7.42%;7.39%;7.47%;7.44%;7.45%;7.41%;7.36%;7.34%;7.38%;7.44%;7.48%;7.45%;7.45%;7.49%;7.49%;7.37%;7.29%;7.24%;7.25%;7.22%;7.17%;7.22%;7.23%;7.09%;6.98%;6.98%;7.00%;7.04%;7.04%;6.89%;6.98%;6.98%;6.91%;6.83%;6.72%;6.67%;6.59%;6.54%;6.58%;6.67%;6.71%;6.52%;6.57%;6.50%;6.71%;6.66%;6.53%;6.51%;6.48%;6.63%;6.71%;6.63%;6.87%;7.07%;7.26%;7.02%;7.06%;7.25%;7.15%;7.20%;7.33%;7.47%;7.35%;7.21%;7.19%;7.25%;7.38%;7.38%;7.36%;7.19%;7.49%;7.48%;7.45%;7.55%;7.54%;7.70%;7.65%;7.68%;7.67%;7.55%;7.55%;7.65%;7.62%;7.56%;7.48%;7.41%;7.40%;7.46%;7.53%;7.48%;7.31%;7.39%;7.35%;7.31%;7.18%;7.45%;7.41%;7.31%;7.57%;7.60%;7.56%;7.51%;7.61%;7.72%;7.81%;7.76%;7.69%;7.71%;7.69%;7.52%;7.50%;7.49%;7.47%;7.46%;7.45%;7.58%;7.60%;7.66%;7.73%;7.92%;7.81%;7.73%;7.06%;7.64%;7.27%;7.30%;7.29%;7.29%;7.57%;7.59%;7.79%;7.72%;7.74%;7.79%;7.74%;7.69%;7.66%;7.74%;7.72%;7.65%;7.54%;7.63%;7.64%;7.52%;7.60%;7.61%;7.41%;7.42%;7.38%;7.44%;7.37%;7.34%;7.37%;7.44%;7.51%;7.56%;7.62%;7.69%;7.58%;7.53%;7.57%;7.59%;7.59%;7.56%;7.62%;7.70%;7.73%;7.72%;7.72%;7.69%;7.57%;7.62%;7.63%;7.61%;7.72%;7.65%;7.51%;7.55%;7.52%;7.57%;7.78%;7.75%;7.79%;7.77%;7.86%;7.80%;7.78%;7.73%;7.77%;7.79%;7.77%;7.71%
7.62%;7.67%;7.56%;7.59%;7.61%;7.61%;7.59%;7.56%;7.66%;7.62%;7.62%;7.62%;7.49%;7.57%;7.50%;7.47%;7.41%;7.42%;7.39%;7.39%;7.38%;7.39%;7.43%;7.35%;7.33%;7.32%;7.42%;7.42%;7.51%;7.54%;7.42%;7.34%;7.36%;7.28%;7.28%;7.30%;7.26%;7.22%;7.22%;7.28%;7.18%;7.16%;7.12%;7.14%;7.10%;7.17%;7.16%;7.19%;7.20%;7.28%;7.34%;7.32%;7.35%;7.27%;7.32%;7.39%;7.26%;7.26%;7.30%;7.38%;7.34%;7.42%;7.39%;7.41%;7.36%;7.32%;7.30%;7.34%;7.40%;7.44%;7.41%;7.40%;7.45%;7.45%;7.33%;7.25%;7.20%;7.21%;7.18%;7.13%;7.18%;7.20%;7.06%;6.94%;6.94%;6.97%;7.00%;7.00%;6.85%;6.94%;6.94%;6.87%;6.79%;6.69%;6.63%;6.56%;6.51%;6.54%;6.63%;6.68%;6.49%;6.53%;6.47%;6.68%;6.64%;6.50%;6.48%;6.45%;6.61%;6.68%;6.63%;6.84%;7.05%;7.23%;7.02%;7.06%;7.23%;7.12%;7.18%;7.30%;7.44%;7.32%;7.18%;7.17%;7.22%;7.38%;7.39%;7.36%;7.17%;7.45%;7.47%;7.42%;7.53%;7.51%;7.68%;7.64%;7.67%;7.65%;7.53%;7.53%;7.63%;7.60%;7.54%;7.46%;7.39%;7.38%;7.45%;7.51%;7.47%;7.30%;7.37%;7.33%;7.29%;7.18%;7.44%;7.40%;7.30%;7.56%;7.59%;7.55%;7.50%;7.60%;7.70%;7.79%;7.75%;7.68%;7.69%;7.68%;7.51%;7.49%;7.48%;7.45%;7.45%;7.43%;7.56%;7.58%;7.64%;7.72%;7.91%;7.79%;7.71%;7.49%;7.62%;7.46%;7.46%;7.30%;7.46%;7.55%;7.57%;7.77%;7.70%;7.72%;7.77%;7.72%;7.67%;7.64%;7.72%;7.70%;7.63%;7.53%;7.61%;7.62%;7.51%;7.59%;7.59%;7.40%;7.41%;7.37%;7.43%;7.36%;7.33%;7.36%;7.43%;7.50%;7.54%;7.61%;7.67%;7.57%;7.52%;7.56%;7.58%;7.57%;7.55%;7.60%;7.69%;7.72%;7.71%;7.70%;7.67%;7.56%;7.61%;7.62%;7.60%;7.70%;7.64%;7.50%;7.54%;7.52%;7.56%;7.77%;7.74%;7.78%;7.76%;7.85%;7.79%;7.77%;7.72%;7.76%;7.78%;7.76%;7.69%
7.58%;7.45%;7.77%;7.44%;7.47%;7.41%;7.43%;7.71%;7.48%;7.49%;7.41%;7.48%;7.41%;7.29%;7.31%;7.29%;7.20%;7.25%;7.24%;7.18%;7.26%;7.30%;7.32%;7.30%;7.26%;7.32%;7.33%;7.33%;7.40%;7.33%;7.28%;7.20%;7.17%;7.19%;7.16%;7.27%;7.17%;7.20%;7.30%;7.23%;7.15%;7.18%;7.10%;7.28%;7.04%;7.03%;7.10%;7.18%;7.14%;7.19%;7.32%;7.38%;7.16%;7.21%;7.30%;7.11%;7.26%;7.27%;7.17%;7.41%;7.26%;7.40%;7.36%;7.34%;7.30%;7.23%;7.27%;7.24%;7.37%;7.29%;7.31%;7.38%;7.42%;7.36%;7.31%;7.16%;7.15%;7.28%;7.43%;7.31%;7.26%;7.22%;7.15%;7.15%;7.05%;7.10%;7.14%;7.09%;6.95%;7.04%;7.27%;7.06%;6.93%;7.08%;6.81%;6.59%;6.66%;6.64%;6.76%;6.75%;6.87%;6.78%;6.68%;6.64%;6.61%;6.45%;6.63%;6.42%;6.49%;6.35%;6.68%;6.85%;7.06%;7.20%;6.92%;7.02%;7.27%;7.08%;7.15%;7.26%;7.50%;7.37%;7.14%;7.18%;7.19%;7.44%;7.36%;7.32%;7.21%;7.60%;7.43%;7.38%;7.51%;7.63%;7.70%;7.60%;7.63%;7.67%;7.48%;7.66%;7.58%;7.66%;7.53%;7.52%;7.38%;7.33%;7.41%;7.36%;7.45%;7.42%;7.36%;7.50%;7.40%;7.90%;7.72%;7.53%;8.00%;7.77%;7.84%;7.87%;7.73%;7.65%;7.86%;7.99%;7.92%;8.10%;7.65%;7.72%;7.44%;7.56%;7.46%;7.47%;7.40%;7.75%;7.51%;7.60%;7.68%;7.78%;7.81%;7.76%;7.79%;7.91%;7.63%;7.71%;7.77%;7.78%;7.71%;7.59%;7.56%;7.74%;7.78%;7.73%;7.68%;7.70%;7.70%;7.57%;7.70%;7.67%;7.62%;7.49%;7.60%;7.62%;7.52%;7.58%;7.60%;7.37%;7.37%;7.52%;7.47%;7.39%;7.34%;7.35%;7.46%;7.51%;7.55%;7.60%;7.86%;7.61%;7.56%;7.70%;7.59%;7.60%;7.68%;7.58%;7.68%;7.73%;7.77%;7.71%;7.67%;7.59%;7.58%;7.63%;7.75%;7.68%;7.72%;7.78%;7.76%;7.67%;7.61%;7.74%;7.85%;7.77%;7.91%;7.88%;7.76%;7.76%;7.69%;7.79%;7.92%;7.76%;7.76%